,OE,OE,OE,TH,TH,TH,OE_TH,OE_TH,OE_TH,TW,TW,TW,PR,PR,PR,OR,OR,OR,TOT,TOT,TOT,CRD,CRD,CRD,GRD,GRD,GRD,PTS1,PTS1,PTS1,PTS2,PTS2,PTS2,OE,OE,OE,TH,TH,TH,OE_TH,OE_TH,OE_TH,TW,TW,TW,PR,PR,PR,OR,OR,OR,TOT,TOT,TOT,CRD,CRD,CRD,GRD,GRD,GRD,PTS1,PTS1,PTS1,PTS2,PTS2,PTS2,OE,OE,OE,TH,TH,TH,OE_TH,OE_TH,OE_TH,TW,TW,TW,PR,PR,PR,OR,OR,OR,TOT,TOT,TOT,CRD,CRD,CRD,GRD,GRD,GRD,PTS1,PTS1,PTS1,PTS2,PTS2,PTS2
0,030/050,036/050,026/050,024/050,031/050,033/050,054/100,067/100,059/100,--,--,--,--,--,--,--,--,--,54,67,59,4,4,4,B,A,B+,6,8,7,24,32,28,030/050,036/050,026/050,024/050,031/050,033/050,054/100,067/100,059/100,--,--,--,--,--,--,--,--,--,54,67,59,4,4,4,B,A,B+,6,8,7,24,32,28,030/050,036/050,026/050,024/050,031/050,033/050,054/100,067/100,059/100,--,--,--,--,--,--,--,--,--,54,67,59,4,4,4,B,A,B+,6,8,7,24,32,28
1,013/050,028/050,021/050,011/050,020/050,021/050,024/100,048/100,042/100,--,--,--,--,--,--,--,--,--,FF,48,42,4,4,4,F,C,P,0,5,4,0,20,16,013/050,028/050,021/050,011/050,020/050,021/050,024/100,048/100,042/100,--,--,--,--,--,--,--,--,--,FF,48,42,4,4,4,F,C,P,0,5,4,0,20,16,013/050,028/050,021/050,011/050,020/050,021/050,024/100,048/100,042/100,--,--,--,--,--,--,--,--,--,FF,48,42,4,4,4,F,C,P,0,5,4,0,20,16
2,021/050,034/050,032/050,026/050,023/050,020/050,047/100,057/100,052/100,--,--,--,--,--,--,--,--,--,47,57,52,4,4,4,C,B+,B,5,7,6,20,28,24,021/050,034/050,032/050,026/050,023/050,020/050,047/100,057/100,052/100,--,--,--,--,--,--,--,--,--,47,57,52,4,4,4,C,B+,B,5,7,6,20,28,24,021/050,034/050,032/050,026/050,023/050,020/050,047/100,057/100,052/100,--,--,--,--,--,--,--,--,--,47,57,52,4,4,4,C,B+,B,5,7,6,20,28,24
3,022/050,022/050,027/050,035/050,021/050,020/050,057/100,043/100,047/100,--,--,--,--,--,--,--,--,--,57,43,47,4,4,4,B+,P,C,7,4,5,28,16,20,022/050,022/050,027/050,035/050,021/050,020/050,057/100,043/100,047/100,--,--,--,--,--,--,--,--,--,57,43,47,4,4,4,B+,P,C,7,4,5,28,16,20,022/050,022/050,027/050,035/050,021/050,020/050,057/100,043/100,047/100,--,--,--,--,--,--,--,--,--,57,43,47,4,4,4,B+,P,C,7,4,5,28,16,20
4,016/050,017/050,032/050,24$/050,029/050,021/050,040/100,046/100,053/100,--,--,--,--,--,--,--,--,--,40,46,53,4,4,4,P,C,B,4,5,6,16,20,24,016/050,017/050,032/050,24$/050,029/050,021/050,040/100,046/100,053/100,--,--,--,--,--,--,--,--,--,40,46,53,4,4,4,P,C,B,4,5,6,16,20,24,016/050,017/050,032/050,24$/050,029/050,021/050,040/100,046/100,053/100,--,--,--,--,--,--,--,--,--,40,46,53,4,4,4,P,C,B,4,5,6,16,20,24
5,020/050,032/050,022/050,028/050,029/050,029/050,048/100,061/100,051/100,--,--,--,--,--,--,--,--,--,48,61,51,4,4,4,C,A,B,5,8,6,20,32,24,020/050,032/050,022/050,028/050,029/050,029/050,048/100,061/100,051/100,--,--,--,--,--,--,--,--,--,48,61,51,4,4,4,C,A,B,5,8,6,20,32,24,020/050,032/050,022/050,028/050,029/050,029/050,048/100,061/100,051/100,--,--,--,--,--,--,--,--,--,48,61,51,4,4,4,C,A,B,5,8,6,20,32,24
6,022/050,025/050,018/050,010/050,014/050,010/050,032/100,039/100,028/100,--,--,--,--,--,--,--,--,--,FF,FF,FF,4,4,4,F,F,F,0,0,0,0,0,0,022/050,025/050,018/050,010/050,014/050,010/050,032/100,039/100,028/100,--,--,--,--,--,--,--,--,--,FF,FF,FF,4,4,4,F,F,F,0,0,0,0,0,0,022/050,025/050,018/050,010/050,014/050,010/050,032/100,039/100,028/100,--,--,--,--,--,--,--,--,--,FF,FF,FF,4,4,4,F,F,F,0,0,0,0,0,0
7,010/050,023/050,032/050,012/050,027/050,020/050,022/100,050/100,052/100,--,--,--,--,--,--,--,--,--,FF,50,52,4,4,4,F,B,B,0,6,6,0,24,24,010/050,023/050,032/050,012/050,027/050,020/050,022/100,050/100,052/100,--,--,--,--,--,--,--,--,--,FF,50,52,4,4,4,F,B,B,0,6,6,0,24,24,010/050,023/050,032/050,012/050,027/050,020/050,022/100,050/100,052/100,--,--,--,--,--,--,--,--,--,FF,50,52,4,4,4,F,B,B,0,6,6,0,24,24
8,018/050,016/050,030/050,023/050,028/050,021/050,041/100,044/100,051/100,--,--,--,--,--,--,--,--,--,41,44,51,4,4,4,P,P,B,4,4,6,16,16,24,018/050,016/050,030/050,023/050,028/050,021/050,041/100,044/100,051/100,--,--,--,--,--,--,--,--,--,41,44,51,4,4,4,P,P,B,4,4,6,16,16,24,018/050,016/050,030/050,023/050,028/050,021/050,041/100,044/100,051/100,--,--,--,--,--,--,--,--,--,41,44,51,4,4,4,P,P,B,4,4,6,16,16,24
9,015/050,028/050,030/050,25$/050,026/050,030/050,040/100,054/100,060/100,--,--,--,--,--,--,--,--,--,40,54,60,4,4,4,P,B,A,4,6,8,16,24,32,015/050,028/050,030/050,25$/050,026/050,030/050,040/100,054/100,060/100,--,--,--,--,--,--,--,--,--,40,54,60,4,4,4,P,B,A,4,6,8,16,24,32,015/050,028/050,030/050,25$/050,026/050,030/050,040/100,054/100,060/100,--,--,--,--,--,--,--,--,--,40,54,60,4,4,4,P,B,A,4,6,8,16,24,32
10,023/050,023/050,018/050,017/050,022/050,011/050,040/100,045/100,029/100,--,--,--,--,--,--,--,--,--,FF,45,FF,4,4,4,F,C,F,0,5,0,0,20,0,023/050,023/050,018/050,017/050,022/050,011/050,040/100,045/100,029/100,--,--,--,--,--,--,--,--,--,FF,45,FF,4,4,4,F,C,F,0,5,0,0,20,0,023/050,023/050,018/050,017/050,022/050,011/050,040/100,045/100,029/100,--,--,--,--,--,--,--,--,--,FF,45,FF,4,4,4,F,C,F,0,5,0,0,20,0
11,030/050,013/050,019/050,003/050,033/050,021/050,033/100,046/100,040/100,--,--,--,--,--,--,--,--,--,FF,46,40,4,4,4,F,C,P,0,5,4,0,20,16,030/050,013/050,019/050,003/050,033/050,021/050,033/100,046/100,040/100,--,--,--,--,--,--,--,--,--,FF,46,40,4,4,4,F,C,P,0,5,4,0,20,16,030/050,013/050,019/050,003/050,033/050,021/050,033/100,046/100,040/100,--,--,--,--,--,--,--,--,--,FF,46,40,4,4,4,F,C,P,0,5,4,0,20,16
12,019/050,026/050,021/050,024/050,020/050,020/050,043/100,046/100,041/100,--,--,--,--,--,--,--,--,--,43,46,41,4,4,4,P,C,P,4,5,4,16,20,16,019/050,026/050,021/050,024/050,020/050,020/050,043/100,046/100,041/100,--,--,--,--,--,--,--,--,--,43,46,41,4,4,4,P,C,P,4,5,4,16,20,16,019/050,026/050,021/050,024/050,020/050,020/050,043/100,046/100,041/100,--,--,--,--,--,--,--,--,--,43,46,41,4,4,4,P,C,P,4,5,4,16,20,16
13,013/050,015/050,025/050,007/050,25$/050,012/050,020/100,040/100,037/100,--,--,--,--,--,--,--,--,--,FF,40,FF,4,4,4,F,P,F,0,4,0,0,16,0,013/050,015/050,025/050,007/050,25$/050,012/050,020/100,040/100,037/100,--,--,--,--,--,--,--,--,--,FF,40,FF,4,4,4,F,P,F,0,4,0,0,16,0,013/050,015/050,025/050,007/050,25$/050,012/050,020/100,040/100,037/100,--,--,--,--,--,--,--,--,--,FF,40,FF,4,4,4,F,P,F,0,4,0,0,16,0
14,027/050,032/050,025/050,022/050,025/050,022/050,049/100,057/100,047/100,--,--,--,--,--,--,--,--,--,49,57,47,4,4,4,C,B+,C,5,7,5,20,28,20,027/050,032/050,025/050,022/050,025/050,022/050,049/100,057/100,047/100,--,--,--,--,--,--,--,--,--,49,57,47,4,4,4,C,B+,C,5,7,5,20,28,20,027/050,032/050,025/050,022/050,025/050,022/050,049/100,057/100,047/100,--,--,--,--,--,--,--,--,--,49,57,47,4,4,4,C,B+,C,5,7,5,20,28,20
15,018/050,031/050,026/050,034/050,031/050,025/050,052/100,062/100,051/100,--,--,--,--,--,--,--,--,--,52,62,51,4,4,4,B,A,B,6,8,6,24,32,24,018/050,031/050,026/050,034/050,031/050,025/050,052/100,062/100,051/100,--,--,--,--,--,--,--,--,--,52,62,51,4,4,4,B,A,B,6,8,6,24,32,24,018/050,031/050,026/050,034/050,031/050,025/050,052/100,062/100,051/100,--,--,--,--,--,--,--,--,--,52,62,51,4,4,4,B,A,B,6,8,6,24,32,24
16,028/050,027/050,028/050,017/050,023/050,021/050,045/100,050/100,049/100,--,--,--,--,--,--,--,--,--,FF,50,49,4,4,4,F,B,C,0,6,5,0,24,20,028/050,027/050,028/050,017/050,023/050,021/050,045/100,050/100,049/100,--,--,--,--,--,--,--,--,--,FF,50,49,4,4,4,F,B,C,0,6,5,0,24,20,028/050,027/050,028/050,017/050,023/050,021/050,045/100,050/100,049/100,--,--,--,--,--,--,--,--,--,FF,50,49,4,4,4,F,B,C,0,6,5,0,24,20
17,025/050,030/050,034/050,029/050,026/050,020/050,054/100,056/100,054/100,--,--,--,--,--,--,--,--,--,54,56,54,4,4,4,B,B+,B,6,7,6,24,28,24,025/050,030/050,034/050,029/050,026/050,020/050,054/100,056/100,054/100,--,--,--,--,--,--,--,--,--,54,56,54,4,4,4,B,B+,B,6,7,6,24,28,24,025/050,030/050,034/050,029/050,026/050,020/050,054/100,056/100,054/100,--,--,--,--,--,--,--,--,--,54,56,54,4,4,4,B,B+,B,6,7,6,24,28,24
18,034/050,029/050,026/050,022/050,031/050,032/050,056/100,060/100,058/100,--,--,--,--,--,--,--,--,--,56,60,58,4,4,4,B+,A,B+,7,8,7,28,32,28,034/050,029/050,026/050,022/050,031/050,032/050,056/100,060/100,058/100,--,--,--,--,--,--,--,--,--,56,60,58,4,4,4,B+,A,B+,7,8,7,28,32,28,034/050,029/050,026/050,022/050,031/050,032/050,056/100,060/100,058/100,--,--,--,--,--,--,--,--,--,56,60,58,4,4,4,B+,A,B+,7,8,7,28,32,28
19,019/050,021/050,023/050,013/050,022/050,021/050,032/100,043/100,044/100,--,--,--,--,--,--,--,--,--,FF,43,44,4,4,4,F,P,P,0,4,4,0,16,16,019/050,021/050,023/050,013/050,022/050,021/050,032/100,043/100,044/100,--,--,--,--,--,--,--,--,--,FF,43,44,4,4,4,F,P,P,0,4,4,0,16,16,019/050,021/050,023/050,013/050,022/050,021/050,032/100,043/100,044/100,--,--,--,--,--,--,--,--,--,FF,43,44,4,4,4,F,P,P,0,4,4,0,16,16
20,013/050,027/050,016/050,017/050,020/050,012/050,030/100,047/100,028/100,--,--,--,--,--,--,--,--,--,FF,47,FF,4,4,4,F,C,F,0,5,0,0,20,0,013/050,027/050,016/050,017/050,020/050,012/050,030/100,047/100,028/100,--,--,--,--,--,--,--,--,--,FF,47,FF,4,4,4,F,C,F,0,5,0,0,20,0,013/050,027/050,016/050,017/050,020/050,012/050,030/100,047/100,028/100,--,--,--,--,--,--,--,--,--,FF,47,FF,4,4,4,F,C,F,0,5,0,0,20,0
21,025/050,033/050,024/050,026/050,028/050,025/050,051/100,061/100,049/100,--,--,--,--,--,--,--,--,--,51,61,49,4,4,4,B,A,C,6,8,5,24,32,20,025/050,033/050,024/050,026/050,028/050,025/050,051/100,061/100,049/100,--,--,--,--,--,--,--,--,--,51,61,49,4,4,4,B,A,C,6,8,5,24,32,20,025/050,033/050,024/050,026/050,028/050,025/050,051/100,061/100,049/100,--,--,--,--,--,--,--,--,--,51,61,49,4,4,4,B,A,C,6,8,5,24,32,20
22,034/050,034/050,042/050,028/050,031/050,030/050,062/100,065/100,072/100,--,--,--,--,--,--,--,--,--,62,65,72,4,4,4,A,A,A+,8,8,9,32,32,36,034/050,034/050,042/050,028/050,031/050,030/050,062/100,065/100,072/100,--,--,--,--,--,--,--,--,--,62,65,72,4,4,4,A,A,A+,8,8,9,32,32,36,034/050,034/050,042/050,028/050,031/050,030/050,062/100,065/100,072/100,--,--,--,--,--,--,--,--,--,62,65,72,4,4,4,A,A,A+,8,8,9,32,32,36
23,024/050,017/050,026/050,007/050,027/050,020/050,031/100,044/100,046/100,--,--,--,--,--,--,--,--,--,FF,44,46,4,4,4,F,P,C,0,4,5,0,16,20,024/050,017/050,026/050,007/050,027/050,020/050,031/100,044/100,046/100,--,--,--,--,--,--,--,--,--,FF,44,46,4,4,4,F,P,C,0,4,5,0,16,20,024/050,017/050,026/050,007/050,027/050,020/050,031/100,044/100,046/100,--,--,--,--,--,--,--,--,--,FF,44,46,4,4,4,F,P,C,0,4,5,0,16,20
24,016/050,023/050,025/050,017/050,025/050,020/050,033/100,048/100,045/100,--,--,--,--,--,--,--,--,--,FF,48,45,4,4,4,F,C,C,0,5,5,0,20,20,016/050,023/050,025/050,017/050,025/050,020/050,033/100,048/100,045/100,--,--,--,--,--,--,--,--,--,FF,48,45,4,4,4,F,C,C,0,5,5,0,20,20,016/050,023/050,025/050,017/050,025/050,020/050,033/100,048/100,045/100,--,--,--,--,--,--,--,--,--,FF,48,45,4,4,4,F,C,C,0,5,5,0,20,20
25,019/050,026/050,020/050,014/050,021/050,017/050,033/100,047/100,037/100,--,--,--,--,--,--,--,--,--,FF,47,FF,4,4,4,F,C,F,0,5,0,0,20,0,019/050,026/050,020/050,014/050,021/050,017/050,033/100,047/100,037/100,--,--,--,--,--,--,--,--,--,FF,47,FF,4,4,4,F,C,F,0,5,0,0,20,0,019/050,026/050,020/050,014/050,021/050,017/050,033/100,047/100,037/100,--,--,--,--,--,--,--,--,--,FF,47,FF,4,4,4,F,C,F,0,5,0,0,20,0
26,014/050,031/050,019/050,011/050,020/050,021/050,025/100,051/100,040/100,--,--,--,--,--,--,--,--,--,FF,51,40,4,4,4,F,B,P,0,6,4,0,24,16,014/050,031/050,019/050,011/050,020/050,021/050,025/100,051/100,040/100,--,--,--,--,--,--,--,--,--,FF,51,40,4,4,4,F,B,P,0,6,4,0,24,16,014/050,031/050,019/050,011/050,020/050,021/050,025/100,051/100,040/100,--,--,--,--,--,--,--,--,--,FF,51,40,4,4,4,F,B,P,0,6,4,0,24,16
27,017/050,019/050,034/050,23$/050,028/050,021/050,040/100,047/100,055/100,--,--,--,--,--,--,--,--,--,40,47,55,4,4,4,P,C,B+,4,5,7,16,20,28,017/050,019/050,034/050,23$/050,028/050,021/050,040/100,047/100,055/100,--,--,--,--,--,--,--,--,--,40,47,55,4,4,4,P,C,B+,4,5,7,16,20,28,017/050,019/050,034/050,23$/050,028/050,021/050,040/100,047/100,055/100,--,--,--,--,--,--,--,--,--,40,47,55,4,4,4,P,C,B+,4,5,7,16,20,28
28,028/050,023/050,035/050,032/050,030/050,029/050,060/100,053/100,064/100,--,--,--,--,--,--,--,--,--,60,53,64,4,4,4,A,B,A,8,6,8,32,24,32,028/050,023/050,035/050,032/050,030/050,029/050,060/100,053/100,064/100,--,--,--,--,--,--,--,--,--,60,53,64,4,4,4,A,B,A,8,6,8,32,24,32,028/050,023/050,035/050,032/050,030/050,029/050,060/100,053/100,064/100,--,--,--,--,--,--,--,--,--,60,53,64,4,4,4,A,B,A,8,6,8,32,24,32
29,033/050,020/050,024/050,030/050,025/050,008/050,063/100,045/100,032/100,--,--,--,--,--,--,--,--,--,63,45,FF,4,4,4,A,C,F,8,5,0,32,20,0,033/050,020/050,024/050,030/050,025/050,008/050,063/100,045/100,032/100,--,--,--,--,--,--,--,--,--,63,45,FF,4,4,4,A,C,F,8,5,0,32,20,0,033/050,020/050,024/050,030/050,025/050,008/050,063/100,045/100,032/100,--,--,--,--,--,--,--,--,--,63,45,FF,4,4,4,A,C,F,8,5,0,32,20,0
30,026/050,019/050,018/050,022/050,021/050,22$/050,048/100,040/100,040/100,--,--,--,--,--,--,--,--,--,48,40,40,4,4,4,C,P,P,5,4,4,20,16,16,026/050,019/050,018/050,022/050,021/050,22$/050,048/100,040/100,040/100,--,--,--,--,--,--,--,--,--,48,40,40,4,4,4,C,P,P,5,4,4,20,16,16,026/050,019/050,018/050,022/050,021/050,22$/050,048/100,040/100,040/100,--,--,--,--,--,--,--,--,--,48,40,40,4,4,4,C,P,P,5,4,4,20,16,16
31,030/050,029/050,031/050,039/050,025/050,023/050,069/100,054/100,054/100,--,--,--,--,--,--,--,--,--,69,54,54,4,4,4,A,B,B,8,6,6,32,24,24,030/050,029/050,031/050,039/050,025/050,023/050,069/100,054/100,054/100,--,--,--,--,--,--,--,--,--,69,54,54,4,4,4,A,B,B,8,6,6,32,24,24,030/050,029/050,031/050,039/050,025/050,023/050,069/100,054/100,054/100,--,--,--,--,--,--,--,--,--,69,54,54,4,4,4,A,B,B,8,6,6,32,24,24
32,017/050,020/050,027/050,010/050,AB/050,AB/050,027/100,020/100,027/100,--,--,--,--,--,--,--,--,--,FF,FF,FF,4,4,4,F,F,F,0,0,0,0,0,0,017/050,020/050,027/050,010/050,AB/050,AB/050,027/100,020/100,027/100,--,--,--,--,--,--,--,--,--,FF,FF,FF,4,4,4,F,F,F,0,0,0,0,0,0,017/050,020/050,027/050,010/050,AB/050,AB/050,027/100,020/100,027/100,--,--,--,--,--,--,--,--,--,FF,FF,FF,4,4,4,F,F,F,0,0,0,0,0,0
33,032/050,014/050,024/050,022/050,AB/050,020/050,054/100,014/100,044/100,--,--,--,--,--,--,--,--,--,54,FF,44,4,4,4,B,F,P,6,0,4,24,0,16,032/050,014/050,024/050,022/050,AB/050,020/050,054/100,014/100,044/100,--,--,--,--,--,--,--,--,--,54,FF,44,4,4,4,B,F,P,6,0,4,24,0,16,032/050,014/050,024/050,022/050,AB/050,020/050,054/100,014/100,044/100,--,--,--,--,--,--,--,--,--,54,FF,44,4,4,4,B,F,P,6,0,4,24,0,16
34,044/050,034/050,038/050,020/050,035/050,029/050,064/100,069/100,067/100,--,--,--,--,--,--,--,--,--,64,69,67,4,4,4,A,A,A,8,8,8,32,32,32,044/050,034/050,038/050,020/050,035/050,029/050,064/100,069/100,067/100,--,--,--,--,--,--,--,--,--,64,69,67,4,4,4,A,A,A,8,8,8,32,32,32,044/050,034/050,038/050,020/050,035/050,029/050,064/100,069/100,067/100,--,--,--,--,--,--,--,--,--,64,69,67,4,4,4,A,A,A,8,8,8,32,32,32
35,027/050,026/050,030/050,033/050,031/050,026/050,060/100,057/100,056/100,--,--,--,--,--,--,--,--,--,60,57,56,4,4,4,A,B+,B+,8,7,7,32,28,28,027/050,026/050,030/050,033/050,031/050,026/050,060/100,057/100,056/100,--,--,--,--,--,--,--,--,--,60,57,56,4,4,4,A,B+,B+,8,7,7,32,28,28,027/050,026/050,030/050,033/050,031/050,026/050,060/100,057/100,056/100,--,--,--,--,--,--,--,--,--,60,57,56,4,4,4,A,B+,B+,8,7,7,32,28,28
36,036/050,039/050,033/050,024/050,028/050,022/050,060/100,067/100,055/100,--,--,--,--,--,--,--,--,--,60,67,55,4,4,4,A,A,B+,8,8,7,32,32,28,036/050,039/050,033/050,024/050,028/050,022/050,060/100,067/100,055/100,--,--,--,--,--,--,--,--,--,60,67,55,4,4,4,A,A,B+,8,8,7,32,32,28,036/050,039/050,033/050,024/050,028/050,022/050,060/100,067/100,055/100,--,--,--,--,--,--,--,--,--,60,67,55,4,4,4,A,A,B+,8,8,7,32,32,28
37,030/050,028/050,029/050,024/050,021/050,023/050,054/100,049/100,052/100,--,--,--,--,--,--,--,--,--,54,49,52,4,4,4,B,C,B,6,5,6,24,20,24,030/050,028/050,029/050,024/050,021/050,023/050,054/100,049/100,052/100,--,--,--,--,--,--,--,--,--,54,49,52,4,4,4,B,C,B,6,5,6,24,20,24,030/050,028/050,029/050,024/050,021/050,023/050,054/100,049/100,052/100,--,--,--,--,--,--,--,--,--,54,49,52,4,4,4,B,C,B,6,5,6,24,20,24
38,024/050,023/050,019/050,020/050,003/050,002/050,044/100,026/100,021/100,--,--,--,--,--,--,--,--,--,44,FF,FF,4,4,4,P,F,F,4,0,0,16,0,0,024/050,023/050,019/050,020/050,003/050,002/050,044/100,026/100,021/100,--,--,--,--,--,--,--,--,--,44,FF,FF,4,4,4,P,F,F,4,0,0,16,0,0,024/050,023/050,019/050,020/050,003/050,002/050,044/100,026/100,021/100,--,--,--,--,--,--,--,--,--,44,FF,FF,4,4,4,P,F,F,4,0,0,16,0,0
39,021/050,033/050,023/050,022/050,023/050,006/050,043/100,056/100,029/100,--,--,--,--,--,--,--,--,--,43,56,FF,4,4,4,P,B+,F,4,7,0,16,28,0,021/050,033/050,023/050,022/050,023/050,006/050,043/100,056/100,029/100,--,--,--,--,--,--,--,--,--,43,56,FF,4,4,4,P,B+,F,4,7,0,16,28,0,021/050,033/050,023/050,022/050,023/050,006/050,043/100,056/100,029/100,--,--,--,--,--,--,--,--,--,43,56,FF,4,4,4,P,B+,F,4,7,0,16,28,0
40,021/050,028/050,014/050,021/050,003/050,000/050,042/100,031/100,014/100,--,--,--,--,--,--,--,--,--,42,FF,FF,4,4,4,P,F,F,4,0,0,16,0,0,021/050,028/050,014/050,021/050,003/050,000/050,042/100,031/100,014/100,--,--,--,--,--,--,--,--,--,42,FF,FF,4,4,4,P,F,F,4,0,0,16,0,0,021/050,028/050,014/050,021/050,003/050,000/050,042/100,031/100,014/100,--,--,--,--,--,--,--,--,--,42,FF,FF,4,4,4,P,F,F,4,0,0,16,0,0
41,026/050,022/050,034/050,020/050,025/050,020/050,046/100,047/100,054/100,--,--,--,--,--,--,--,--,--,46,47,54,4,4,4,C,C,B,5,5,6,20,20,24,026/050,022/050,034/050,020/050,025/050,020/050,046/100,047/100,054/100,--,--,--,--,--,--,--,--,--,46,47,54,4,4,4,C,C,B,5,5,6,20,20,24,026/050,022/050,034/050,020/050,025/050,020/050,046/100,047/100,054/100,--,--,--,--,--,--,--,--,--,46,47,54,4,4,4,C,C,B,5,5,6,20,20,24
42,019/050,026/050,018/050,009/050,005/050,AB/050,028/100,031/100,018/100,--,--,--,--,--,--,--,--,--,FF,FF,FF,4,4,4,F,F,F,0,0,0,0,0,0,019/050,026/050,018/050,009/050,005/050,AB/050,028/100,031/100,018/100,--,--,--,--,--,--,--,--,--,FF,FF,FF,4,4,4,F,F,F,0,0,0,0,0,0,019/050,026/050,018/050,009/050,005/050,AB/050,028/100,031/100,018/100,--,--,--,--,--,--,--,--,--,FF,FF,FF,4,4,4,F,F,F,0,0,0,0,0,0
43,020/050,026/050,020/050,026/050,003/050,005/050,046/100,029/100,025/100,--,--,--,--,--,--,--,--,--,46,FF,FF,4,4,4,C,F,F,5,0,0,20,0,0,020/050,026/050,020/050,026/050,003/050,005/050,046/100,029/100,025/100,--,--,--,--,--,--,--,--,--,46,FF,FF,4,4,4,C,F,F,5,0,0,20,0,0,020/050,026/050,020/050,026/050,003/050,005/050,046/100,029/100,025/100,--,--,--,--,--,--,--,--,--,46,FF,FF,4,4,4,C,F,F,5,0,0,20,0,0
44,029/050,034/050,039/050,029/050,025/050,028/050,058/100,059/100,067/100,--,--,--,--,--,--,--,--,--,58,59,67,4,4,4,B+,B+,A,7,7,8,28,28,32,029/050,034/050,039/050,029/050,025/050,028/050,058/100,059/100,067/100,--,--,--,--,--,--,--,--,--,58,59,67,4,4,4,B+,B+,A,7,7,8,28,28,32,029/050,034/050,039/050,029/050,025/050,028/050,058/100,059/100,067/100,--,--,--,--,--,--,--,--,--,58,59,67,4,4,4,B+,B+,A,7,7,8,28,28,32
45,026/050,025/050,020/050,034/050,015/050,20$/050,060/100,040/100,040/100,--,--,--,--,--,--,--,--,--,60,FF,40,4,4,4,A,F,P,8,0,4,32,0,16,026/050,025/050,020/050,034/050,015/050,20$/050,060/100,040/100,040/100,--,--,--,--,--,--,--,--,--,60,FF,40,4,4,4,A,F,P,8,0,4,32,0,16,026/050,025/050,020/050,034/050,015/050,20$/050,060/100,040/100,040/100,--,--,--,--,--,--,--,--,--,60,FF,40,4,4,4,A,F,P,8,0,4,32,0,16
46,016/050,030/050,024/050,027/050,020/050,015/050,043/100,050/100,039/100,--,--,--,--,--,--,--,--,--,43,50,FF,4,4,4,P,B,F,4,6,0,16,24,0,016/050,030/050,024/050,027/050,020/050,015/050,043/100,050/100,039/100,--,--,--,--,--,--,--,--,--,43,50,FF,4,4,4,P,B,F,4,6,0,16,24,0,016/050,030/050,024/050,027/050,020/050,015/050,043/100,050/100,039/100,--,--,--,--,--,--,--,--,--,43,50,FF,4,4,4,P,B,F,4,6,0,16,24,0
47,030/050,023/050,034/050,027/050,021/050,022/050,057/100,044/100,056/100,--,--,--,--,--,--,--,--,--,57,44,56,4,4,4,B+,P,B+,7,4,7,28,16,28,030/050,023/050,034/050,027/050,021/050,022/050,057/100,044/100,056/100,--,--,--,--,--,--,--,--,--,57,44,56,4,4,4,B+,P,B+,7,4,7,28,16,28,030/050,023/050,034/050,027/050,021/050,022/050,057/100,044/100,056/100,--,--,--,--,--,--,--,--,--,57,44,56,4,4,4,B+,P,B+,7,4,7,28,16,28
48,019/050,029/050,024/050,033/050,020/050,011/050,052/100,049/100,035/100,--,--,--,--,--,--,--,--,--,52,49,FF,4,4,4,B,C,F,6,5,0,24,20,0,019/050,029/050,024/050,033/050,020/050,011/050,052/100,049/100,035/100,--,--,--,--,--,--,--,--,--,52,49,FF,4,4,4,B,C,F,6,5,0,24,20,0,019/050,029/050,024/050,033/050,020/050,011/050,052/100,049/100,035/100,--,--,--,--,--,--,--,--,--,52,49,FF,4,4,4,B,C,F,6,5,0,24,20,0
49,035/050,032/050,036/050,027/050,023/050,020/050,062/100,055/100,056/100,--,--,--,--,--,--,--,--,--,62,55,56,4,4,4,A,B+,B+,8,7,7,32,28,28,035/050,032/050,036/050,027/050,023/050,020/050,062/100,055/100,056/100,--,--,--,--,--,--,--,--,--,62,55,56,4,4,4,A,B+,B+,8,7,7,32,28,28,035/050,032/050,036/050,027/050,023/050,020/050,062/100,055/100,056/100,--,--,--,--,--,--,--,--,--,62,55,56,4,4,4,A,B+,B+,8,7,7,32,28,28
50,020/050,023/050,032/050,020/050,020/050,029/050,040/100,043/100,061/100,--,--,--,--,--,--,--,--,--,40,43,61,4,4,4,P,P,A,4,4,8,16,16,32,020/050,023/050,032/050,020/050,020/050,029/050,040/100,043/100,061/100,--,--,--,--,--,--,--,--,--,40,43,61,4,4,4,P,P,A,4,4,8,16,16,32,020/050,023/050,032/050,020/050,020/050,029/050,040/100,043/100,061/100,--,--,--,--,--,--,--,--,--,40,43,61,4,4,4,P,P,A,4,4,8,16,16,32
51,032/050,030/050,029/050,027/050,024/050,022/050,059/100,054/100,051/100,--,--,--,--,--,--,--,--,--,59,54,51,4,4,4,B+,B,B,7,6,6,28,24,24,032/050,030/050,029/050,027/050,024/050,022/050,059/100,054/100,051/100,--,--,--,--,--,--,--,--,--,59,54,51,4,4,4,B+,B,B,7,6,6,28,24,24,032/050,030/050,029/050,027/050,024/050,022/050,059/100,054/100,051/100,--,--,--,--,--,--,--,--,--,59,54,51,4,4,4,B+,B,B,7,6,6,28,24,24
52,036/050,027/050,036/050,026/050,020/050,022/050,062/100,047/100,058/100,--,--,--,--,--,--,--,--,--,62,47,58,4,4,4,A,C,B+,8,5,7,32,20,28,036/050,027/050,036/050,026/050,020/050,022/050,062/100,047/100,058/100,--,--,--,--,--,--,--,--,--,62,47,58,4,4,4,A,C,B+,8,5,7,32,20,28,036/050,027/050,036/050,026/050,020/050,022/050,062/100,047/100,058/100,--,--,--,--,--,--,--,--,--,62,47,58,4,4,4,A,C,B+,8,5,7,32,20,28
53,028/050,031/050,032/050,026/050,027/050,031/050,054/100,058/100,063/100,--,--,--,--,--,--,--,--,--,54,58,63,4,4,4,B,B+,A,6,7,8,24,28,32,028/050,031/050,032/050,026/050,027/050,031/050,054/100,058/100,063/100,--,--,--,--,--,--,--,--,--,54,58,63,4,4,4,B,B+,A,6,7,8,24,28,32,028/050,031/050,032/050,026/050,027/050,031/050,054/100,058/100,063/100,--,--,--,--,--,--,--,--,--,54,58,63,4,4,4,B,B+,A,6,7,8,24,28,32
54,021/050,024/050,024/050,024/050,AB/050,022/050,045/100,024/100,046/100,--,--,--,--,--,--,--,--,--,45,FF,46,4,4,4,C,F,C,5,0,5,20,0,20,021/050,024/050,024/050,024/050,AB/050,022/050,045/100,024/100,046/100,--,--,--,--,--,--,--,--,--,45,FF,46,4,4,4,C,F,C,5,0,5,20,0,20,021/050,024/050,024/050,024/050,AB/050,022/050,045/100,024/100,046/100,--,--,--,--,--,--,--,--,--,45,FF,46,4,4,4,C,F,C,5,0,5,20,0,20
55,027/050,027/050,036/050,032/050,022/050,025/050,059/100,049/100,061/100,--,--,--,--,--,--,--,--,--,59,49,61,4,4,4,B+,C,A,7,5,8,28,20,32,027/050,027/050,036/050,032/050,022/050,025/050,059/100,049/100,061/100,--,--,--,--,--,--,--,--,--,59,49,61,4,4,4,B+,C,A,7,5,8,28,20,32,027/050,027/050,036/050,032/050,022/050,025/050,059/100,049/100,061/100,--,--,--,--,--,--,--,--,--,59,49,61,4,4,4,B+,C,A,7,5,8,28,20,32
56,025/050,023/050,027/050,021/050,022/050,020/050,046/100,045/100,047/100,--,--,--,--,--,--,--,--,--,46,45,47,4,4,4,C,C,C,5,5,5,20,20,20,025/050,023/050,027/050,021/050,022/050,020/050,046/100,045/100,047/100,--,--,--,--,--,--,--,--,--,46,45,47,4,4,4,C,C,C,5,5,5,20,20,20,025/050,023/050,027/050,021/050,022/050,020/050,046/100,045/100,047/100,--,--,--,--,--,--,--,--,--,46,45,47,4,4,4,C,C,C,5,5,5,20,20,20
57,033/050,029/050,026/050,032/050,027/050,034/050,065/100,056/100,060/100,--,--,--,--,--,--,--,--,--,65,56,60,4,4,4,A,B+,A,8,7,8,32,28,32,033/050,029/050,026/050,032/050,027/050,034/050,065/100,056/100,060/100,--,--,--,--,--,--,--,--,--,65,56,60,4,4,4,A,B+,A,8,7,8,32,28,32,033/050,029/050,026/050,032/050,027/050,034/050,065/100,056/100,060/100,--,--,--,--,--,--,--,--,--,65,56,60,4,4,4,A,B+,A,8,7,8,32,28,32
58,036/050,027/050,031/050,024/050,011/050,021/050,060/100,038/100,052/100,--,--,--,--,--,--,--,--,--,60,FF,52,4,4,4,A,F,B,8,0,6,32,0,24,036/050,027/050,031/050,024/050,011/050,021/050,060/100,038/100,052/100,--,--,--,--,--,--,--,--,--,60,FF,52,4,4,4,A,F,B,8,0,6,32,0,24,036/050,027/050,031/050,024/050,011/050,021/050,060/100,038/100,052/100,--,--,--,--,--,--,--,--,--,60,FF,52,4,4,4,A,F,B,8,0,6,32,0,24
59,031/050,027/050,032/050,023/050,026/050,027/050,054/100,053/100,059/100,--,--,--,--,--,--,--,--,--,54,53,59,4,4,4,B,B,B+,6,6,7,24,24,28,031/050,027/050,032/050,023/050,026/050,027/050,054/100,053/100,059/100,--,--,--,--,--,--,--,--,--,54,53,59,4,4,4,B,B,B+,6,6,7,24,24,28,031/050,027/050,032/050,023/050,026/050,027/050,054/100,053/100,059/100,--,--,--,--,--,--,--,--,--,54,53,59,4,4,4,B,B,B+,6,6,7,24,24,28
60,010/050,032/050,022/050,30$/050,023/050,027/050,040/100,055/100,049/100,--,--,--,--,--,--,--,--,--,40,55,49,4,4,4,P,B+,C,4,7,5,16,28,20,010/050,032/050,022/050,30$/050,023/050,027/050,040/100,055/100,049/100,--,--,--,--,--,--,--,--,--,40,55,49,4,4,4,P,B+,C,4,7,5,16,28,20,010/050,032/050,022/050,30$/050,023/050,027/050,040/100,055/100,049/100,--,--,--,--,--,--,--,--,--,40,55,49,4,4,4,P,B+,C,4,7,5,16,28,20
61,028/050,021/050,026/050,029/050,011/050,027/050,057/100,032/100,053/100,--,--,--,--,--,--,--,--,--,57,FF,53,4,4,4,B+,F,B,7,0,6,28,0,24,028/050,021/050,026/050,029/050,011/050,027/050,057/100,032/100,053/100,--,--,--,--,--,--,--,--,--,57,FF,53,4,4,4,B+,F,B,7,0,6,28,0,24,028/050,021/050,026/050,029/050,011/050,027/050,057/100,032/100,053/100,--,--,--,--,--,--,--,--,--,57,FF,53,4,4,4,B+,F,B,7,0,6,28,0,24
62,024/050,024/050,030/050,024/050,020/050,035/050,048/100,044/100,065/100,--,--,--,--,--,--,--,--,--,48,44,65,4,4,4,C,P,A,5,4,8,20,16,32,024/050,024/050,030/050,024/050,020/050,035/050,048/100,044/100,065/100,--,--,--,--,--,--,--,--,--,48,44,65,4,4,4,C,P,A,5,4,8,20,16,32,024/050,024/050,030/050,024/050,020/050,035/050,048/100,044/100,065/100,--,--,--,--,--,--,--,--,--,48,44,65,4,4,4,C,P,A,5,4,8,20,16,32
63,023/050,024/050,029/050,020/050,026/050,032/050,043/100,050/100,061/100,--,--,--,--,--,--,--,--,--,43,50,61,4,4,4,P,B,A,4,6,8,16,24,32,023/050,024/050,029/050,020/050,026/050,032/050,043/100,050/100,061/100,--,--,--,--,--,--,--,--,--,43,50,61,4,4,4,P,B,A,4,6,8,16,24,32,023/050,024/050,029/050,020/050,026/050,032/050,043/100,050/100,061/100,--,--,--,--,--,--,--,--,--,43,50,61,4,4,4,P,B,A,4,6,8,16,24,32
64,037/050,031/050,028/050,024/050,025/050,020/050,061/100,056/100,048/100,--,--,--,--,--,--,--,--,--,61,56,48,4,4,4,A,B+,C,8,7,5,32,28,20,037/050,031/050,028/050,024/050,025/050,020/050,061/100,056/100,048/100,--,--,--,--,--,--,--,--,--,61,56,48,4,4,4,A,B+,C,8,7,5,32,28,20,037/050,031/050,028/050,024/050,025/050,020/050,061/100,056/100,048/100,--,--,--,--,--,--,--,--,--,61,56,48,4,4,4,A,B+,C,8,7,5,32,28,20
65,030/050,024/050,028/050,028/050,032/050,028/050,058/100,056/100,056/100,--,--,--,--,--,--,--,--,--,58,56,56,4,4,4,B+,B+,B+,7,7,7,28,28,28,030/050,024/050,028/050,028/050,032/050,028/050,058/100,056/100,056/100,--,--,--,--,--,--,--,--,--,58,56,56,4,4,4,B+,B+,B+,7,7,7,28,28,28,030/050,024/050,028/050,028/050,032/050,028/050,058/100,056/100,056/100,--,--,--,--,--,--,--,--,--,58,56,56,4,4,4,B+,B+,B+,7,7,7,28,28,28
66,011/050,018/050,021/050,AB/050,006/050,010/050,011/100,024/100,031/100,--,--,--,--,--,--,--,--,--,FF,FF,FF,4,4,4,F,F,F,0,0,0,0,0,0,011/050,018/050,021/050,AB/050,006/050,010/050,011/100,024/100,031/100,--,--,--,--,--,--,--,--,--,FF,FF,FF,4,4,4,F,F,F,0,0,0,0,0,0,011/050,018/050,021/050,AB/050,006/050,010/050,011/100,024/100,031/100,--,--,--,--,--,--,--,--,--,FF,FF,FF,4,4,4,F,F,F,0,0,0,0,0,0
67,032/050,031/050,030/050,025/050,024/050,030/050,057/100,055/100,060/100,--,--,--,--,--,--,--,--,--,57,55,60,4,4,4,B+,B+,A,7,7,8,28,28,32,032/050,031/050,030/050,025/050,024/050,030/050,057/100,055/100,060/100,--,--,--,--,--,--,--,--,--,57,55,60,4,4,4,B+,B+,A,7,7,8,28,28,32,032/050,031/050,030/050,025/050,024/050,030/050,057/100,055/100,060/100,--,--,--,--,--,--,--,--,--,57,55,60,4,4,4,B+,B+,A,7,7,8,28,28,32
68,019/050,030/050,015/050,025/050,023/050,25$/050,044/100,053/100,040/100,--,--,--,--,--,--,--,--,--,44,53,40,4,4,4,P,B,P,4,6,4,16,24,16,019/050,030/050,015/050,025/050,023/050,25$/050,044/100,053/100,040/100,--,--,--,--,--,--,--,--,--,44,53,40,4,4,4,P,B,P,4,6,4,16,24,16,019/050,030/050,015/050,025/050,023/050,25$/050,044/100,053/100,040/100,--,--,--,--,--,--,--,--,--,44,53,40,4,4,4,P,B,P,4,6,4,16,24,16
69,030/050,020/050,033/050,020/050,020/050,022/050,050/100,040/100,055/100,--,--,--,--,--,--,--,--,--,50,40,55,4,4,4,B,P,B+,6,4,7,24,16,28,030/050,020/050,033/050,020/050,020/050,022/050,050/100,040/100,055/100,--,--,--,--,--,--,--,--,--,50,40,55,4,4,4,B,P,B+,6,4,7,24,16,28,030/050,020/050,033/050,020/050,020/050,022/050,050/100,040/100,055/100,--,--,--,--,--,--,--,--,--,50,40,55,4,4,4,B,P,B+,6,4,7,24,16,28
70,035/050,036/050,032/050,026/050,022/050,033/050,061/100,058/100,065/100,--,--,--,--,--,--,--,--,--,61,58,65,4,4,4,A,B+,A,8,7,8,32,28,32,035/050,036/050,032/050,026/050,022/050,033/050,061/100,058/100,065/100,--,--,--,--,--,--,--,--,--,61,58,65,4,4,4,A,B+,A,8,7,8,32,28,32,035/050,036/050,032/050,026/050,022/050,033/050,061/100,058/100,065/100,--,--,--,--,--,--,--,--,--,61,58,65,4,4,4,A,B+,A,8,7,8,32,28,32
71,034/050,022/050,035/050,020/050,005/050,AB/050,054/100,027/100,035/100,--,--,--,--,--,--,--,--,--,54,FF,FF,4,4,4,B,F,F,6,0,0,24,0,0,034/050,022/050,035/050,020/050,005/050,AB/050,054/100,027/100,035/100,--,--,--,--,--,--,--,--,--,54,FF,FF,4,4,4,B,F,F,6,0,0,24,0,0,034/050,022/050,035/050,020/050,005/050,AB/050,054/100,027/100,035/100,--,--,--,--,--,--,--,--,--,54,FF,FF,4,4,4,B,F,F,6,0,0,24,0,0
72,032/050,040/050,029/050,022/050,030/050,024/050,054/100,070/100,053/100,--,--,--,--,--,--,--,--,--,54,70,53,4,4,4,B,A+,B,6,9,6,24,36,24,032/050,040/050,029/050,022/050,030/050,024/050,054/100,070/100,053/100,--,--,--,--,--,--,--,--,--,54,70,53,4,4,4,B,A+,B,6,9,6,24,36,24,032/050,040/050,029/050,022/050,030/050,024/050,054/100,070/100,053/100,--,--,--,--,--,--,--,--,--,54,70,53,4,4,4,B,A+,B,6,9,6,24,36,24
73,012/050,029/050,020/050,006/050,AB/050,AB/050,018/100,029/100,020/100,--,--,--,--,--,--,--,--,--,FF,FF,FF,4,4,4,F,F,F,0,0,0,0,0,0,012/050,029/050,020/050,006/050,AB/050,AB/050,018/100,029/100,020/100,--,--,--,--,--,--,--,--,--,FF,FF,FF,4,4,4,F,F,F,0,0,0,0,0,0,012/050,029/050,020/050,006/050,AB/050,AB/050,018/100,029/100,020/100,--,--,--,--,--,--,--,--,--,FF,FF,FF,4,4,4,F,F,F,0,0,0,0,0,0
74,021/050,031/050,018/050,029/050,021/050,023/050,050/100,052/100,041/100,--,--,--,--,--,--,--,--,--,50,52,41,4,4,4,B,B,P,6,6,4,24,24,16,021/050,031/050,018/050,029/050,021/050,023/050,050/100,052/100,041/100,--,--,--,--,--,--,--,--,--,50,52,41,4,4,4,B,B,P,6,6,4,24,24,16,021/050,031/050,018/050,029/050,021/050,023/050,050/100,052/100,041/100,--,--,--,--,--,--,--,--,--,50,52,41,4,4,4,B,B,P,6,6,4,24,24,16
75,025/050,021/050,026/050,021/050,024/050,022/050,046/100,045/100,048/100,--,--,--,--,--,--,--,--,--,46,45,48,4,4,4,C,C,C,5,5,5,20,20,20,025/050,021/050,026/050,021/050,024/050,022/050,046/100,045/100,048/100,--,--,--,--,--,--,--,--,--,46,45,48,4,4,4,C,C,C,5,5,5,20,20,20,025/050,021/050,026/050,021/050,024/050,022/050,046/100,045/100,048/100,--,--,--,--,--,--,--,--,--,46,45,48,4,4,4,C,C,C,5,5,5,20,20,20
76,023/050,028/050,027/050,024/050,022/050,020/050,047/100,050/100,047/100,--,--,--,--,--,--,--,--,--,47,50,47,4,4,4,C,B,C,5,6,5,20,24,20,023/050,028/050,027/050,024/050,022/050,020/050,047/100,050/100,047/100,--,--,--,--,--,--,--,--,--,47,50,47,4,4,4,C,B,C,5,6,5,20,24,20,023/050,028/050,027/050,024/050,022/050,020/050,047/100,050/100,047/100,--,--,--,--,--,--,--,--,--,47,50,47,4,4,4,C,B,C,5,6,5,20,24,20
77,028/050,020/050,030/050,021/050,020/050,024/050,049/100,040/100,054/100,--,--,--,--,--,--,--,--,--,49,40,54,4,4,4,C,P,B,5,4,6,20,16,24,028/050,020/050,030/050,021/050,020/050,024/050,049/100,040/100,054/100,--,--,--,--,--,--,--,--,--,49,40,54,4,4,4,C,P,B,5,4,6,20,16,24,028/050,020/050,030/050,021/050,020/050,024/050,049/100,040/100,054/100,--,--,--,--,--,--,--,--,--,49,40,54,4,4,4,C,P,B,5,4,6,20,16,24
78,018/050,017/050,021/050,014/050,23$/050,022/050,032/100,040/100,043/100,--,--,--,--,--,--,--,--,--,FF,40,43,4,4,4,F,P,P,0,4,4,0,16,16,018/050,017/050,021/050,014/050,23$/050,022/050,032/100,040/100,043/100,--,--,--,--,--,--,--,--,--,FF,40,43,4,4,4,F,P,P,0,4,4,0,16,16,018/050,017/050,021/050,014/050,23$/050,022/050,032/100,040/100,043/100,--,--,--,--,--,--,--,--,--,FF,40,43,4,4,4,F,P,P,0,4,4,0,16,16
79,031/050,035/050,031/050,029/050,028/050,022/050,060/100,063/100,053/100,--,--,--,--,--,--,--,--,--,60,63,53,4,4,4,A,A,B,8,8,6,32,32,24,031/050,035/050,031/050,029/050,028/050,022/050,060/100,063/100,053/100,--,--,--,--,--,--,--,--,--,60,63,53,4,4,4,A,A,B,8,8,6,32,32,24,031/050,035/050,031/050,029/050,028/050,022/050,060/100,063/100,053/100,--,--,--,--,--,--,--,--,--,60,63,53,4,4,4,A,A,B,8,8,6,32,32,24
80,045/050,036/050,034/050,036/050,020/050,026/050,081/100,056/100,060/100,--,--,--,--,--,--,--,--,--,81,56,60,4,4,4,O,B+,A,10,7,8,40,28,32,045/050,036/050,034/050,036/050,020/050,026/050,081/100,056/100,060/100,--,--,--,--,--,--,--,--,--,81,56,60,4,4,4,O,B+,A,10,7,8,40,28,32,045/050,036/050,034/050,036/050,020/050,026/050,081/100,056/100,060/100,--,--,--,--,--,--,--,--,--,81,56,60,4,4,4,O,B+,A,10,7,8,40,28,32
81,026/050,026/050,026/050,024/050,029/050,024/050,050/100,055/100,050/100,--,--,--,--,--,--,--,--,--,50,55,50,4,4,4,B,B+,B,6,7,6,24,28,24,026/050,026/050,026/050,024/050,029/050,024/050,050/100,055/100,050/100,--,--,--,--,--,--,--,--,--,50,55,50,4,4,4,B,B+,B,6,7,6,24,28,24,026/050,026/050,026/050,024/050,029/050,024/050,050/100,055/100,050/100,--,--,--,--,--,--,--,--,--,50,55,50,4,4,4,B,B+,B,6,7,6,24,28,24
82,026/050,026/050,028/050,028/050,032/050,022/050,054/100,058/100,050/100,--,--,--,--,--,--,--,--,--,54,58,50,4,4,4,B,B+,B,6,7,6,24,28,24,026/050,026/050,028/050,028/050,032/050,022/050,054/100,058/100,050/100,--,--,--,--,--,--,--,--,--,54,58,50,4,4,4,B,B+,B,6,7,6,24,28,24,026/050,026/050,028/050,028/050,032/050,022/050,054/100,058/100,050/100,--,--,--,--,--,--,--,--,--,54,58,50,4,4,4,B,B+,B,6,7,6,24,28,24
83,017/050,027/050,032/050,026/050,016/050,021/050,043/100,043/100,053/100,--,--,--,--,--,--,--,--,--,43,FF,53,4,4,4,P,F,B,4,0,6,16,0,24,017/050,027/050,032/050,026/050,016/050,021/050,043/100,043/100,053/100,--,--,--,--,--,--,--,--,--,43,FF,53,4,4,4,P,F,B,4,0,6,16,0,24,017/050,027/050,032/050,026/050,016/050,021/050,043/100,043/100,053/100,--,--,--,--,--,--,--,--,--,43,FF,53,4,4,4,P,F,B,4,0,6,16,0,24
84,026/050,025/050,020/050,023/050,020/050,021/050,049/100,045/100,041/100,--,--,--,--,--,--,--,--,--,49,45,41,4,4,4,C,C,P,5,5,4,20,20,16,026/050,025/050,020/050,023/050,020/050,021/050,049/100,045/100,041/100,--,--,--,--,--,--,--,--,--,49,45,41,4,4,4,C,C,P,5,5,4,20,20,16,026/050,025/050,020/050,023/050,020/050,021/050,049/100,045/100,041/100,--,--,--,--,--,--,--,--,--,49,45,41,4,4,4,C,C,P,5,5,4,20,20,16
85,032/050,034/050,021/050,023/050,AB/050,AB/050,055/100,034/100,021/100,--,--,--,--,--,--,--,--,--,55,FF,FF,4,4,4,B+,F,F,7,0,0,28,0,0,032/050,034/050,021/050,023/050,AB/050,AB/050,055/100,034/100,021/100,--,--,--,--,--,--,--,--,--,55,FF,FF,4,4,4,B+,F,F,7,0,0,28,0,0,032/050,034/050,021/050,023/050,AB/050,AB/050,055/100,034/100,021/100,--,--,--,--,--,--,--,--,--,55,FF,FF,4,4,4,B+,F,F,7,0,0,28,0,0
86,023/050,030/050,021/050,022/050,025/050,020/050,045/100,055/100,041/100,--,--,--,--,--,--,--,--,--,45,55,41,4,4,4,C,B+,P,5,7,4,20,28,16,023/050,030/050,021/050,022/050,025/050,020/050,045/100,055/100,041/100,--,--,--,--,--,--,--,--,--,45,55,41,4,4,4,C,B+,P,5,7,4,20,28,16,023/050,030/050,021/050,022/050,025/050,020/050,045/100,055/100,041/100,--,--,--,--,--,--,--,--,--,45,55,41,4,4,4,C,B+,P,5,7,4,20,28,16
87,028/050,028/050,026/050,021/050,024/050,020/050,049/100,052/100,046/100,--,--,--,--,--,--,--,--,--,49,52,46,4,4,4,C,B,C,5,6,5,20,24,20,028/050,028/050,026/050,021/050,024/050,020/050,049/100,052/100,046/100,--,--,--,--,--,--,--,--,--,49,52,46,4,4,4,C,B,C,5,6,5,20,24,20,028/050,028/050,026/050,021/050,024/050,020/050,049/100,052/100,046/100,--,--,--,--,--,--,--,--,--,49,52,46,4,4,4,C,B,C,5,6,5,20,24,20
88,029/050,025/050,021/050,029/050,028/050,020/050,058/100,053/100,041/100,--,--,--,--,--,--,--,--,--,58,53,41,4,4,4,B+,B,P,7,6,4,28,24,16,029/050,025/050,021/050,029/050,028/050,020/050,058/100,053/100,041/100,--,--,--,--,--,--,--,--,--,58,53,41,4,4,4,B+,B,P,7,6,4,28,24,16,029/050,025/050,021/050,029/050,028/050,020/050,058/100,053/100,041/100,--,--,--,--,--,--,--,--,--,58,53,41,4,4,4,B+,B,P,7,6,4,28,24,16
89,027/050,027/050,030/050,022/050,022/050,026/050,049/100,049/100,056/100,--,--,--,--,--,--,--,--,--,49,49,56,4,4,4,C,C,B+,5,5,7,20,20,28,027/050,027/050,030/050,022/050,022/050,026/050,049/100,049/100,056/100,--,--,--,--,--,--,--,--,--,49,49,56,4,4,4,C,C,B+,5,5,7,20,20,28,027/050,027/050,030/050,022/050,022/050,026/050,049/100,049/100,056/100,--,--,--,--,--,--,--,--,--,49,49,56,4,4,4,C,C,B+,5,5,7,20,20,28
90,021/050,029/050,034/050,022/050,021/050,032/050,043/100,050/100,066/100,--,--,--,--,--,--,--,--,--,43,50,66,4,4,4,P,B,A,4,6,8,16,24,32,021/050,029/050,034/050,022/050,021/050,032/050,043/100,050/100,066/100,--,--,--,--,--,--,--,--,--,43,50,66,4,4,4,P,B,A,4,6,8,16,24,32,021/050,029/050,034/050,022/050,021/050,032/050,043/100,050/100,066/100,--,--,--,--,--,--,--,--,--,43,50,66,4,4,4,P,B,A,4,6,8,16,24,32
91,032/050,030/050,034/050,020/050,029/050,020/050,052/100,059/100,054/100,--,--,--,--,--,--,--,--,--,52,59,54,4,4,4,B,B+,B,6,7,6,24,28,24,032/050,030/050,034/050,020/050,029/050,020/050,052/100,059/100,054/100,--,--,--,--,--,--,--,--,--,52,59,54,4,4,4,B,B+,B,6,7,6,24,28,24,032/050,030/050,034/050,020/050,029/050,020/050,052/100,059/100,054/100,--,--,--,--,--,--,--,--,--,52,59,54,4,4,4,B,B+,B,6,7,6,24,28,24
92,035/050,026/050,028/050,024/050,025/050,023/050,059/100,051/100,051/100,--,--,--,--,--,--,--,--,--,59,51,51,4,4,4,B+,B,B,7,6,6,28,24,24,035/050,026/050,028/050,024/050,025/050,023/050,059/100,051/100,051/100,--,--,--,--,--,--,--,--,--,59,51,51,4,4,4,B+,B,B,7,6,6,28,24,24,035/050,026/050,028/050,024/050,025/050,023/050,059/100,051/100,051/100,--,--,--,--,--,--,--,--,--,59,51,51,4,4,4,B+,B,B,7,6,6,28,24,24
93,023/050,025/050,026/050,020/050,023/050,022/050,043/100,048/100,048/100,--,--,--,--,--,--,--,--,--,43,48,48,4,4,4,P,C,C,4,5,5,16,20,20,023/050,025/050,026/050,020/050,023/050,022/050,043/100,048/100,048/100,--,--,--,--,--,--,--,--,--,43,48,48,4,4,4,P,C,C,4,5,5,16,20,20,023/050,025/050,026/050,020/050,023/050,022/050,043/100,048/100,048/100,--,--,--,--,--,--,--,--,--,43,48,48,4,4,4,P,C,C,4,5,5,16,20,20
94,023/050,018/050,018/050,AB/050,AB/050,AB/050,023/100,018/100,018/100,--,--,--,--,--,--,--,--,--,FF,FF,FF,4,4,4,F,F,F,0,0,0,0,0,0,023/050,018/050,018/050,AB/050,AB/050,AB/050,023/100,018/100,018/100,--,--,--,--,--,--,--,--,--,FF,FF,FF,4,4,4,F,F,F,0,0,0,0,0,0,023/050,018/050,018/050,AB/050,AB/050,AB/050,023/100,018/100,018/100,--,--,--,--,--,--,--,--,--,FF,FF,FF,4,4,4,F,F,F,0,0,0,0,0,0
95,021/050,030/050,021/050,020/050,022/050,006/050,041/100,052/100,027/100,--,--,--,--,--,--,--,--,--,41,52,FF,4,4,4,P,B,F,4,6,0,16,24,0,021/050,030/050,021/050,020/050,022/050,006/050,041/100,052/100,027/100,--,--,--,--,--,--,--,--,--,41,52,FF,4,4,4,P,B,F,4,6,0,16,24,0,021/050,030/050,021/050,020/050,022/050,006/050,041/100,052/100,027/100,--,--,--,--,--,--,--,--,--,41,52,FF,4,4,4,P,B,F,4,6,0,16,24,0
96,031/050,027/050,027/050,024/050,022/050,020/050,055/100,049/100,047/100,--,--,--,--,--,--,--,--,--,55,49,47,4,4,4,B+,C,C,7,5,5,28,20,20,031/050,027/050,027/050,024/050,022/050,020/050,055/100,049/100,047/100,--,--,--,--,--,--,--,--,--,55,49,47,4,4,4,B+,C,C,7,5,5,28,20,20,031/050,027/050,027/050,024/050,022/050,020/050,055/100,049/100,047/100,--,--,--,--,--,--,--,--,--,55,49,47,4,4,4,B+,C,C,7,5,5,28,20,20
97,028/050,036/050,030/050,021/050,027/050,033/050,049/100,063/100,063/100,--,--,--,--,--,--,--,--,--,49,63,63,4,4,4,C,A,A,5,8,8,20,32,32,028/050,036/050,030/050,021/050,027/050,033/050,049/100,063/100,063/100,--,--,--,--,--,--,--,--,--,49,63,63,4,4,4,C,A,A,5,8,8,20,32,32,028/050,036/050,030/050,021/050,027/050,033/050,049/100,063/100,063/100,--,--,--,--,--,--,--,--,--,49,63,63,4,4,4,C,A,A,5,8,8,20,32,32
98,031/050,024/050,025/050,027/050,026/050,025/050,058/100,050/100,050/100,--,--,--,--,--,--,--,--,--,58,50,50,4,4,4,B+,B,B,7,6,6,28,24,24,031/050,024/050,025/050,027/050,026/050,025/050,058/100,050/100,050/100,--,--,--,--,--,--,--,--,--,58,50,50,4,4,4,B+,B,B,7,6,6,28,24,24,031/050,024/050,025/050,027/050,026/050,025/050,058/100,050/100,050/100,--,--,--,--,--,--,--,--,--,58,50,50,4,4,4,B+,B,B,7,6,6,28,24,24
99,047/050,031/050,036/050,032/050,024/050,034/050,079/100,055/100,070/100,--,--,--,--,--,--,--,--,--,79,55,70,4,4,4,A+,B+,A+,9,7,9,36,28,36,047/050,031/050,036/050,032/050,024/050,034/050,079/100,055/100,070/100,--,--,--,--,--,--,--,--,--,79,55,70,4,4,4,A+,B+,A+,9,7,9,36,28,36,047/050,031/050,036/050,032/050,024/050,034/050,079/100,055/100,070/100,--,--,--,--,--,--,--,--,--,79,55,70,4,4,4,A+,B+,A+,9,7,9,36,28,36
100,028/050,021/050,019/050,017/050,027/050,026/050,045/100,048/100,045/100,--,--,--,--,--,--,--,--,--,FF,48,45,4,4,4,F,C,C,0,5,5,0,20,20,028/050,021/050,019/050,017/050,027/050,026/050,045/100,048/100,045/100,--,--,--,--,--,--,--,--,--,FF,48,45,4,4,4,F,C,C,0,5,5,0,20,20,028/050,021/050,019/050,017/050,027/050,026/050,045/100,048/100,045/100,--,--,--,--,--,--,--,--,--,FF,48,45,4,4,4,F,C,C,0,5,5,0,20,20
101,032/050,036/050,028/050,030/050,032/050,027/050,062/100,068/100,055/100,--,--,--,--,--,--,--,--,--,62,68,55,4,4,4,A,A,B+,8,8,7,32,32,28,032/050,036/050,028/050,030/050,032/050,027/050,062/100,068/100,055/100,--,--,--,--,--,--,--,--,--,62,68,55,4,4,4,A,A,B+,8,8,7,32,32,28,032/050,036/050,028/050,030/050,032/050,027/050,062/100,068/100,055/100,--,--,--,--,--,--,--,--,--,62,68,55,4,4,4,A,A,B+,8,8,7,32,32,28
102,035/050,031/050,029/050,041/050,020/050,011/050,076/100,051/100,040/100,--,--,--,--,--,--,--,--,--,76,51,FF,4,4,4,A+,B,F,9,6,0,36,24,0,035/050,031/050,029/050,041/050,020/050,011/050,076/100,051/100,040/100,--,--,--,--,--,--,--,--,--,76,51,FF,4,4,4,A+,B,F,9,6,0,36,24,0,035/050,031/050,029/050,041/050,020/050,011/050,076/100,051/100,040/100,--,--,--,--,--,--,--,--,--,76,51,FF,4,4,4,A+,B,F,9,6,0,36,24,0
103,022/050,019/050,023/050,024/050,023/050,027/050,046/100,042/100,050/100,--,--,--,--,--,--,--,--,--,46,42,50,4,4,4,C,P,B,5,4,6,20,16,24,022/050,019/050,023/050,024/050,023/050,027/050,046/100,042/100,050/100,--,--,--,--,--,--,--,--,--,46,42,50,4,4,4,C,P,B,5,4,6,20,16,24,022/050,019/050,023/050,024/050,023/050,027/050,046/100,042/100,050/100,--,--,--,--,--,--,--,--,--,46,42,50,4,4,4,C,P,B,5,4,6,20,16,24
104,039/050,028/050,030/050,020/050,020/050,026/050,059/100,048/100,056/100,--,--,--,--,--,--,--,--,--,59,48,56,4,4,4,B+,C,B+,7,5,7,28,20,28,039/050,028/050,030/050,020/050,020/050,026/050,059/100,048/100,056/100,--,--,--,--,--,--,--,--,--,59,48,56,4,4,4,B+,C,B+,7,5,7,28,20,28,039/050,028/050,030/050,020/050,020/050,026/050,059/100,048/100,056/100,--,--,--,--,--,--,--,--,--,59,48,56,4,4,4,B+,C,B+,7,5,7,28,20,28
105,035/050,031/050,031/050,034/050,027/050,027/050,069/100,058/100,058/100,--,--,--,--,--,--,--,--,--,69,58,58,4,4,4,A,B+,B+,8,7,7,32,28,28,035/050,031/050,031/050,034/050,027/050,027/050,069/100,058/100,058/100,--,--,--,--,--,--,--,--,--,69,58,58,4,4,4,A,B+,B+,8,7,7,32,28,28,035/050,031/050,031/050,034/050,027/050,027/050,069/100,058/100,058/100,--,--,--,--,--,--,--,--,--,69,58,58,4,4,4,A,B+,B+,8,7,7,32,28,28
106,039/050,025/050,021/050,010/050,022/050,010/050,049/100,047/100,031/100,--,--,--,--,--,--,--,--,--,FF,47,FF,4,4,4,F,C,F,0,5,0,0,20,0,039/050,025/050,021/050,010/050,022/050,010/050,049/100,047/100,031/100,--,--,--,--,--,--,--,--,--,FF,47,FF,4,4,4,F,C,F,0,5,0,0,20,0,039/050,025/050,021/050,010/050,022/050,010/050,049/100,047/100,031/100,--,--,--,--,--,--,--,--,--,FF,47,FF,4,4,4,F,C,F,0,5,0,0,20,0
107,041/050,038/050,035/050,022/050,024/050,022/050,063/100,062/100,057/100,--,--,--,--,--,--,--,--,--,63,62,57,4,4,4,A,A,B+,8,8,7,32,32,28,041/050,038/050,035/050,022/050,024/050,022/050,063/100,062/100,057/100,--,--,--,--,--,--,--,--,--,63,62,57,4,4,4,A,A,B+,8,8,7,32,32,28,041/050,038/050,035/050,022/050,024/050,022/050,063/100,062/100,057/100,--,--,--,--,--,--,--,--,--,63,62,57,4,4,4,A,A,B+,8,8,7,32,32,28
108,034/050,027/050,021/050,021/050,AB/050,008/050,055/100,027/100,029/100,--,--,--,--,--,--,--,--,--,55,FF,FF,4,4,4,B+,F,F,7,0,0,28,0,0,034/050,027/050,021/050,021/050,AB/050,008/050,055/100,027/100,029/100,--,--,--,--,--,--,--,--,--,55,FF,FF,4,4,4,B+,F,F,7,0,0,28,0,0,034/050,027/050,021/050,021/050,AB/050,008/050,055/100,027/100,029/100,--,--,--,--,--,--,--,--,--,55,FF,FF,4,4,4,B+,F,F,7,0,0,28,0,0
109,024/050,025/050,026/050,037/050,022/050,027/050,061/100,047/100,053/100,--,--,--,--,--,--,--,--,--,61,47,53,4,4,4,A,C,B,8,5,6,32,20,24,024/050,025/050,026/050,037/050,022/050,027/050,061/100,047/100,053/100,--,--,--,--,--,--,--,--,--,61,47,53,4,4,4,A,C,B,8,5,6,32,20,24,024/050,025/050,026/050,037/050,022/050,027/050,061/100,047/100,053/100,--,--,--,--,--,--,--,--,--,61,47,53,4,4,4,A,C,B,8,5,6,32,20,24
110,029/050,032/050,027/050,039/050,028/050,033/050,068/100,060/100,060/100,--,--,--,--,--,--,--,--,--,68,60,60,4,4,4,A,A,A,8,8,8,32,32,32,029/050,032/050,027/050,039/050,028/050,033/050,068/100,060/100,060/100,--,--,--,--,--,--,--,--,--,68,60,60,4,4,4,A,A,A,8,8,8,32,32,32,029/050,032/050,027/050,039/050,028/050,033/050,068/100,060/100,060/100,--,--,--,--,--,--,--,--,--,68,60,60,4,4,4,A,A,A,8,8,8,32,32,32
111,022/050,027/050,021/050,20$/050,030/050,021/050,042/100,057/100,042/100,--,--,--,--,--,--,--,--,--,42,57,42,4,4,4,P,B+,P,4,7,4,16,28,16,022/050,027/050,021/050,20$/050,030/050,021/050,042/100,057/100,042/100,--,--,--,--,--,--,--,--,--,42,57,42,4,4,4,P,B+,P,4,7,4,16,28,16,022/050,027/050,021/050,20$/050,030/050,021/050,042/100,057/100,042/100,--,--,--,--,--,--,--,--,--,42,57,42,4,4,4,P,B+,P,4,7,4,16,28,16
112,033/050,033/050,034/050,034/050,030/050,034/050,067/100,063/100,068/100,--,--,--,--,--,--,--,--,--,67,63,68,4,4,4,A,A,A,8,8,8,32,32,32,033/050,033/050,034/050,034/050,030/050,034/050,067/100,063/100,068/100,--,--,--,--,--,--,--,--,--,67,63,68,4,4,4,A,A,A,8,8,8,32,32,32,033/050,033/050,034/050,034/050,030/050,034/050,067/100,063/100,068/100,--,--,--,--,--,--,--,--,--,67,63,68,4,4,4,A,A,A,8,8,8,32,32,32
113,020/050,033/050,022/050,020/050,023/050,020/050,040/100,056/100,042/100,--,--,--,--,--,--,--,--,--,40,56,42,4,4,4,P,B+,P,4,7,4,16,28,16,020/050,033/050,022/050,020/050,023/050,020/050,040/100,056/100,042/100,--,--,--,--,--,--,--,--,--,40,56,42,4,4,4,P,B+,P,4,7,4,16,28,16,020/050,033/050,022/050,020/050,023/050,020/050,040/100,056/100,042/100,--,--,--,--,--,--,--,--,--,40,56,42,4,4,4,P,B+,P,4,7,4,16,28,16
114,023/050,022/050,019/050,022/050,AB/050,AB/050,045/100,022/100,019/100,--,--,--,--,--,--,--,--,--,45,FF,FF,4,4,4,C,F,F,5,0,0,20,0,0,023/050,022/050,019/050,022/050,AB/050,AB/050,045/100,022/100,019/100,--,--,--,--,--,--,--,--,--,45,FF,FF,4,4,4,C,F,F,5,0,0,20,0,0,023/050,022/050,019/050,022/050,AB/050,AB/050,045/100,022/100,019/100,--,--,--,--,--,--,--,--,--,45,FF,FF,4,4,4,C,F,F,5,0,0,20,0,0
115,033/050,019/050,025/050,022/050,025/050,006/050,055/100,044/100,031/100,--,--,--,--,--,--,--,--,--,55,44,FF,4,4,4,B+,P,F,7,4,0,28,16,0,033/050,019/050,025/050,022/050,025/050,006/050,055/100,044/100,031/100,--,--,--,--,--,--,--,--,--,55,44,FF,4,4,4,B+,P,F,7,4,0,28,16,0,033/050,019/050,025/050,022/050,025/050,006/050,055/100,044/100,031/100,--,--,--,--,--,--,--,--,--,55,44,FF,4,4,4,B+,P,F,7,4,0,28,16,0
116,025/050,020/050,023/050,026/050,005/050,001/050,051/100,025/100,024/100,--,--,--,--,--,--,--,--,--,51,FF,FF,4,4,4,B,F,F,6,0,0,24,0,0,025/050,020/050,023/050,026/050,005/050,001/050,051/100,025/100,024/100,--,--,--,--,--,--,--,--,--,51,FF,FF,4,4,4,B,F,F,6,0,0,24,0,0,025/050,020/050,023/050,026/050,005/050,001/050,051/100,025/100,024/100,--,--,--,--,--,--,--,--,--,51,FF,FF,4,4,4,B,F,F,6,0,0,24,0,0
117,041/050,047/050,038/050,028/050,026/050,037/050,069/100,073/100,075/100,--,--,--,--,--,--,--,--,--,69,73,75,4,4,4,A,A+,A+,8,9,9,32,36,36,041/050,047/050,038/050,028/050,026/050,037/050,069/100,073/100,075/100,--,--,--,--,--,--,--,--,--,69,73,75,4,4,4,A,A+,A+,8,9,9,32,36,36,041/050,047/050,038/050,028/050,026/050,037/050,069/100,073/100,075/100,--,--,--,--,--,--,--,--,--,69,73,75,4,4,4,A,A+,A+,8,9,9,32,36,36
118,027/050,022/050,023/050,022/050,AB/050,020/050,049/100,022/100,043/100,--,--,--,--,--,--,--,--,--,49,FF,43,4,4,4,C,F,P,5,0,4,20,0,16,027/050,022/050,023/050,022/050,AB/050,020/050,049/100,022/100,043/100,--,--,--,--,--,--,--,--,--,49,FF,43,4,4,4,C,F,P,5,0,4,20,0,16,027/050,022/050,023/050,022/050,AB/050,020/050,049/100,022/100,043/100,--,--,--,--,--,--,--,--,--,49,FF,43,4,4,4,C,F,P,5,0,4,20,0,16
119,020/050,025/050,028/050,028/050,022/050,027/050,048/100,047/100,055/100,--,--,--,--,--,--,--,--,--,48,47,55,4,4,4,C,C,B+,5,5,7,20,20,28,020/050,025/050,028/050,028/050,022/050,027/050,048/100,047/100,055/100,--,--,--,--,--,--,--,--,--,48,47,55,4,4,4,C,C,B+,5,5,7,20,20,28,020/050,025/050,028/050,028/050,022/050,027/050,048/100,047/100,055/100,--,--,--,--,--,--,--,--,--,48,47,55,4,4,4,C,C,B+,5,5,7,20,20,28
120,022/050,024/050,031/050,027/050,024/050,020/050,049/100,048/100,051/100,--,--,--,--,--,--,--,--,--,49,48,51,4,4,4,C,C,B,5,5,6,20,20,24,022/050,024/050,031/050,027/050,024/050,020/050,049/100,048/100,051/100,--,--,--,--,--,--,--,--,--,49,48,51,4,4,4,C,C,B,5,5,6,20,20,24,022/050,024/050,031/050,027/050,024/050,020/050,049/100,048/100,051/100,--,--,--,--,--,--,--,--,--,49,48,51,4,4,4,C,C,B,5,5,6,20,20,24
121,020/050,030/050,025/050,026/050,010/050,010/050,046/100,040/100,035/100,--,--,--,--,--,--,--,--,--,46,FF,FF,4,4,4,C,F,F,5,0,0,20,0,0,020/050,030/050,025/050,026/050,010/050,010/050,046/100,040/100,035/100,--,--,--,--,--,--,--,--,--,46,FF,FF,4,4,4,C,F,F,5,0,0,20,0,0,020/050,030/050,025/050,026/050,010/050,010/050,046/100,040/100,035/100,--,--,--,--,--,--,--,--,--,46,FF,FF,4,4,4,C,F,F,5,0,0,20,0,0
122,025/050,024/050,029/050,020/050,032/050,025/050,045/100,056/100,054/100,--,--,--,--,--,--,--,--,--,45,56,54,4,4,4,C,B+,B,5,7,6,20,28,24,025/050,024/050,029/050,020/050,032/050,025/050,045/100,056/100,054/100,--,--,--,--,--,--,--,--,--,45,56,54,4,4,4,C,B+,B,5,7,6,20,28,24,025/050,024/050,029/050,020/050,032/050,025/050,045/100,056/100,054/100,--,--,--,--,--,--,--,--,--,45,56,54,4,4,4,C,B+,B,5,7,6,20,28,24
123,032/050,030/050,032/050,028/050,032/050,028/050,060/100,062/100,060/100,--,--,--,--,--,--,--,--,--,60,62,60,4,4,4,A,A,A,8,8,8,32,32,32,032/050,030/050,032/050,028/050,032/050,028/050,060/100,062/100,060/100,--,--,--,--,--,--,--,--,--,60,62,60,4,4,4,A,A,A,8,8,8,32,32,32,032/050,030/050,032/050,028/050,032/050,028/050,060/100,062/100,060/100,--,--,--,--,--,--,--,--,--,60,62,60,4,4,4,A,A,A,8,8,8,32,32,32
124,026/050,030/050,024/050,022/050,027/050,013/050,048/100,057/100,037/100,--,--,--,--,--,--,--,--,--,48,57,FF,4,4,4,C,B+,F,5,7,0,20,28,0,026/050,030/050,024/050,022/050,027/050,013/050,048/100,057/100,037/100,--,--,--,--,--,--,--,--,--,48,57,FF,4,4,4,C,B+,F,5,7,0,20,28,0,026/050,030/050,024/050,022/050,027/050,013/050,048/100,057/100,037/100,--,--,--,--,--,--,--,--,--,48,57,FF,4,4,4,C,B+,F,5,7,0,20,28,0
125,022/050,014/050,022/050,020/050,026/050,020/050,042/100,040/100,042/100,--,--,--,--,--,--,--,--,--,42,40,42,4,4,4,P,P,P,4,4,4,16,16,16,022/050,014/050,022/050,020/050,026/050,020/050,042/100,040/100,042/100,--,--,--,--,--,--,--,--,--,42,40,42,4,4,4,P,P,P,4,4,4,16,16,16,022/050,014/050,022/050,020/050,026/050,020/050,042/100,040/100,042/100,--,--,--,--,--,--,--,--,--,42,40,42,4,4,4,P,P,P,4,4,4,16,16,16
126,033/050,022/050,011/050,011/050,000/050,AB/050,044/100,022/100,011/100,--,--,--,--,--,--,--,--,--,FF,FF,FF,4,4,4,F,F,F,0,0,0,0,0,0,033/050,022/050,011/050,011/050,000/050,AB/050,044/100,022/100,011/100,--,--,--,--,--,--,--,--,--,FF,FF,FF,4,4,4,F,F,F,0,0,0,0,0,0,033/050,022/050,011/050,011/050,000/050,AB/050,044/100,022/100,011/100,--,--,--,--,--,--,--,--,--,FF,FF,FF,4,4,4,F,F,F,0,0,0,0,0,0
127,034/050,021/050,036/050,022/050,022/050,025/050,056/100,043/100,061/100,--,--,--,--,--,--,--,--,--,56,43,61,4,4,4,B+,P,A,7,4,8,28,16,32,034/050,021/050,036/050,022/050,022/050,025/050,056/100,043/100,061/100,--,--,--,--,--,--,--,--,--,56,43,61,4,4,4,B+,P,A,7,4,8,28,16,32,034/050,021/050,036/050,022/050,022/050,025/050,056/100,043/100,061/100,--,--,--,--,--,--,--,--,--,56,43,61,4,4,4,B+,P,A,7,4,8,28,16,32
128,030/050,033/050,033/050,027/050,030/050,022/050,057/100,063/100,055/100,--,--,--,--,--,--,--,--,--,57,63,55,4,4,4,B+,A,B+,7,8,7,28,32,28,030/050,033/050,033/050,027/050,030/050,022/050,057/100,063/100,055/100,--,--,--,--,--,--,--,--,--,57,63,55,4,4,4,B+,A,B+,7,8,7,28,32,28,030/050,033/050,033/050,027/050,030/050,022/050,057/100,063/100,055/100,--,--,--,--,--,--,--,--,--,57,63,55,4,4,4,B+,A,B+,7,8,7,28,32,28
129,042/050,031/050,031/050,030/050,029/050,027/050,072/100,060/100,058/100,--,--,--,--,--,--,--,--,--,72,60,58,4,4,4,A+,A,B+,9,8,7,36,32,28,042/050,031/050,031/050,030/050,029/050,027/050,072/100,060/100,058/100,--,--,--,--,--,--,--,--,--,72,60,58,4,4,4,A+,A,B+,9,8,7,36,32,28,042/050,031/050,031/050,030/050,029/050,027/050,072/100,060/100,058/100,--,--,--,--,--,--,--,--,--,72,60,58,4,4,4,A+,A,B+,9,8,7,36,32,28
130,036/050,018/050,027/050,024/050,024/050,026/050,060/100,042/100,053/100,--,--,--,--,--,--,--,--,--,60,42,53,4,4,4,A,P,B,8,4,6,32,16,24,036/050,018/050,027/050,024/050,024/050,026/050,060/100,042/100,053/100,--,--,--,--,--,--,--,--,--,60,42,53,4,4,4,A,P,B,8,4,6,32,16,24,036/050,018/050,027/050,024/050,024/050,026/050,060/100,042/100,053/100,--,--,--,--,--,--,--,--,--,60,42,53,4,4,4,A,P,B,8,4,6,32,16,24
131,040/050,022/050,035/050,038/050,033/050,028/050,078/100,055/100,063/100,--,--,--,--,--,--,--,--,--,78,55,63,4,4,4,A+,B+,A,9,7,8,36,28,32,040/050,022/050,035/050,038/050,033/050,028/050,078/100,055/100,063/100,--,--,--,--,--,--,--,--,--,78,55,63,4,4,4,A+,B+,A,9,7,8,36,28,32,040/050,022/050,035/050,038/050,033/050,028/050,078/100,055/100,063/100,--,--,--,--,--,--,--,--,--,78,55,63,4,4,4,A+,B+,A,9,7,8,36,28,32
132,033/050,034/050,034/050,025/050,20$/050,020/050,058/100,054/100,054/100,--,--,--,--,--,--,--,--,--,58,54,54,4,4,4,B+,B,B,7,6,6,28,24,24,033/050,034/050,034/050,025/050,20$/050,020/050,058/100,054/100,054/100,--,--,--,--,--,--,--,--,--,58,54,54,4,4,4,B+,B,B,7,6,6,28,24,24,033/050,034/050,034/050,025/050,20$/050,020/050,058/100,054/100,054/100,--,--,--,--,--,--,--,--,--,58,54,54,4,4,4,B+,B,B,7,6,6,28,24,24
133,026/050,018/050,020/050,013/050,22$/050,021/050,039/100,040/100,041/100,--,--,--,--,--,--,--,--,--,FF,40,41,4,4,4,F,P,P,0,4,4,0,16,16,026/050,018/050,020/050,013/050,22$/050,021/050,039/100,040/100,041/100,--,--,--,--,--,--,--,--,--,FF,40,41,4,4,4,F,P,P,0,4,4,0,16,16,026/050,018/050,020/050,013/050,22$/050,021/050,039/100,040/100,041/100,--,--,--,--,--,--,--,--,--,FF,40,41,4,4,4,F,P,P,0,4,4,0,16,16
134,015/050,034/050,021/050,008/050,007/050,003/050,023/100,041/100,024/100,--,--,--,--,--,--,--,--,--,FF,FF,FF,4,4,4,F,F,F,0,0,0,0,0,0,015/050,034/050,021/050,008/050,007/050,003/050,023/100,041/100,024/100,--,--,--,--,--,--,--,--,--,FF,FF,FF,4,4,4,F,F,F,0,0,0,0,0,0,015/050,034/050,021/050,008/050,007/050,003/050,023/100,041/100,024/100,--,--,--,--,--,--,--,--,--,FF,FF,FF,4,4,4,F,F,F,0,0,0,0,0,0
135,024/050,022/050,019/050,014/050,010/050,21$/050,038/100,032/100,040/100,--,--,--,--,--,--,--,--,--,FF,FF,40,4,4,4,F,F,P,0,0,4,0,0,16,024/050,022/050,019/050,014/050,010/050,21$/050,038/100,032/100,040/100,--,--,--,--,--,--,--,--,--,FF,FF,40,4,4,4,F,F,P,0,0,4,0,0,16,024/050,022/050,019/050,014/050,010/050,21$/050,038/100,032/100,040/100,--,--,--,--,--,--,--,--,--,FF,FF,40,4,4,4,F,F,P,0,0,4,0,0,16
136,023/050,031/050,020/050,027/050,020/050,032/050,050/100,051/100,052/100,--,--,--,--,--,--,--,--,--,50,51,52,4,4,4,B,B,B,6,6,6,24,24,24,023/050,031/050,020/050,027/050,020/050,032/050,050/100,051/100,052/100,--,--,--,--,--,--,--,--,--,50,51,52,4,4,4,B,B,B,6,6,6,24,24,24,023/050,031/050,020/050,027/050,020/050,032/050,050/100,051/100,052/100,--,--,--,--,--,--,--,--,--,50,51,52,4,4,4,B,B,B,6,6,6,24,24,24
137,036/050,033/050,031/050,037/050,024/050,033/050,073/100,057/100,064/100,--,--,--,--,--,--,--,--,--,73,57,64,4,4,4,A+,B+,A,9,7,8,36,28,32,036/050,033/050,031/050,037/050,024/050,033/050,073/100,057/100,064/100,--,--,--,--,--,--,--,--,--,73,57,64,4,4,4,A+,B+,A,9,7,8,36,28,32,036/050,033/050,031/050,037/050,024/050,033/050,073/100,057/100,064/100,--,--,--,--,--,--,--,--,--,73,57,64,4,4,4,A+,B+,A,9,7,8,36,28,32
138,035/050,021/050,025/050,022/050,027/050,020/050,057/100,048/100,045/100,--,--,--,--,--,--,--,--,--,57,48,45,4,4,4,B+,C,C,7,5,5,28,20,20,035/050,021/050,025/050,022/050,027/050,020/050,057/100,048/100,045/100,--,--,--,--,--,--,--,--,--,57,48,45,4,4,4,B+,C,C,7,5,5,28,20,20,035/050,021/050,025/050,022/050,027/050,020/050,057/100,048/100,045/100,--,--,--,--,--,--,--,--,--,57,48,45,4,4,4,B+,C,C,7,5,5,28,20,20
139,022/050,025/050,027/050,022/050,022/050,020/050,044/100,047/100,047/100,--,--,--,--,--,--,--,--,--,44,47,47,4,4,4,P,C,C,4,5,5,16,20,20,022/050,025/050,027/050,022/050,022/050,020/050,044/100,047/100,047/100,--,--,--,--,--,--,--,--,--,44,47,47,4,4,4,P,C,C,4,5,5,16,20,20,022/050,025/050,027/050,022/050,022/050,020/050,044/100,047/100,047/100,--,--,--,--,--,--,--,--,--,44,47,47,4,4,4,P,C,C,4,5,5,16,20,20
140,018/050,029/050,023/050,026/050,020/050,020/050,044/100,049/100,043/100,--,--,--,--,--,--,--,--,--,44,49,43,4,4,4,P,C,P,4,5,4,16,20,16,018/050,029/050,023/050,026/050,020/050,020/050,044/100,049/100,043/100,--,--,--,--,--,--,--,--,--,44,49,43,4,4,4,P,C,P,4,5,4,16,20,16,018/050,029/050,023/050,026/050,020/050,020/050,044/100,049/100,043/100,--,--,--,--,--,--,--,--,--,44,49,43,4,4,4,P,C,P,4,5,4,16,20,16
141,037/050,029/050,040/050,038/050,036/050,040/050,075/100,065/100,080/100,--,--,--,--,--,--,--,--,--,75,65,80,4,4,4,A+,A,O,9,8,10,36,32,40,037/050,029/050,040/050,038/050,036/050,040/050,075/100,065/100,080/100,--,--,--,--,--,--,--,--,--,75,65,80,4,4,4,A+,A,O,9,8,10,36,32,40,037/050,029/050,040/050,038/050,036/050,040/050,075/100,065/100,080/100,--,--,--,--,--,--,--,--,--,75,65,80,4,4,4,A+,A,O,9,8,10,36,32,40
142,028/050,032/050,036/050,038/050,026/050,024/050,066/100,058/100,060/100,--,--,--,--,--,--,--,--,--,66,58,60,4,4,4,A,B+,A,8,7,8,32,28,32,028/050,032/050,036/050,038/050,026/050,024/050,066/100,058/100,060/100,--,--,--,--,--,--,--,--,--,66,58,60,4,4,4,A,B+,A,8,7,8,32,28,32,028/050,032/050,036/050,038/050,026/050,024/050,066/100,058/100,060/100,--,--,--,--,--,--,--,--,--,66,58,60,4,4,4,A,B+,A,8,7,8,32,28,32
143,034/050,026/050,034/050,036/050,008/050,020/050,070/100,034/100,054/100,--,--,--,--,--,--,--,--,--,70,FF,54,4,4,4,A+,F,B,9,0,6,36,0,24,034/050,026/050,034/050,036/050,008/050,020/050,070/100,034/100,054/100,--,--,--,--,--,--,--,--,--,70,FF,54,4,4,4,A+,F,B,9,0,6,36,0,24,034/050,026/050,034/050,036/050,008/050,020/050,070/100,034/100,054/100,--,--,--,--,--,--,--,--,--,70,FF,54,4,4,4,A+,F,B,9,0,6,36,0,24
144,034/050,027/050,032/050,038/050,029/050,033/050,072/100,056/100,065/100,--,--,--,--,--,--,--,--,--,72,56,65,4,4,4,A+,B+,A,9,7,8,36,28,32,034/050,027/050,032/050,038/050,029/050,033/050,072/100,056/100,065/100,--,--,--,--,--,--,--,--,--,72,56,65,4,4,4,A+,B+,A,9,7,8,36,28,32,034/050,027/050,032/050,038/050,029/050,033/050,072/100,056/100,065/100,--,--,--,--,--,--,--,--,--,72,56,65,4,4,4,A+,B+,A,9,7,8,36,28,32
145,034/050,028/050,026/050,025/050,016/050,014/050,059/100,044/100,040/100,--,--,--,--,--,--,--,--,--,59,FF,FF,4,4,4,B+,F,F,7,0,0,28,0,0,034/050,028/050,026/050,025/050,016/050,014/050,059/100,044/100,040/100,--,--,--,--,--,--,--,--,--,59,FF,FF,4,4,4,B+,F,F,7,0,0,28,0,0,034/050,028/050,026/050,025/050,016/050,014/050,059/100,044/100,040/100,--,--,--,--,--,--,--,--,--,59,FF,FF,4,4,4,B+,F,F,7,0,0,28,0,0
146,040/050,034/050,039/050,038/050,036/050,038/050,078/100,070/100,077/100,--,--,--,--,--,--,--,--,--,78,70,77,4,4,4,A+,A+,A+,9,9,9,36,36,36,040/050,034/050,039/050,038/050,036/050,038/050,078/100,070/100,077/100,--,--,--,--,--,--,--,--,--,78,70,77,4,4,4,A+,A+,A+,9,9,9,36,36,36,040/050,034/050,039/050,038/050,036/050,038/050,078/100,070/100,077/100,--,--,--,--,--,--,--,--,--,78,70,77,4,4,4,A+,A+,A+,9,9,9,36,36,36
147,017/050,014/050,028/050,003/050,006/050,013/050,020/100,020/100,041/100,--,--,--,--,--,--,--,--,--,FF,FF,FF,4,4,4,F,F,F,0,0,0,0,0,0,017/050,014/050,028/050,003/050,006/050,013/050,020/100,020/100,041/100,--,--,--,--,--,--,--,--,--,FF,FF,FF,4,4,4,F,F,F,0,0,0,0,0,0,017/050,014/050,028/050,003/050,006/050,013/050,020/100,020/100,041/100,--,--,--,--,--,--,--,--,--,FF,FF,FF,4,4,4,F,F,F,0,0,0,0,0,0
148,023/050,030/050,035/050,023/050,028/050,020/050,046/100,058/100,055/100,--,--,--,--,--,--,--,--,--,46,58,55,4,4,4,C,B+,B+,5,7,7,20,28,28,023/050,030/050,035/050,023/050,028/050,020/050,046/100,058/100,055/100,--,--,--,--,--,--,--,--,--,46,58,55,4,4,4,C,B+,B+,5,7,7,20,28,28,023/050,030/050,035/050,023/050,028/050,020/050,046/100,058/100,055/100,--,--,--,--,--,--,--,--,--,46,58,55,4,4,4,C,B+,B+,5,7,7,20,28,28
149,038/050,031/050,030/050,037/050,025/050,030/050,075/100,056/100,060/100,--,--,--,--,--,--,--,--,--,75,56,60,4,4,4,A+,B+,A,9,7,8,36,28,32,038/050,031/050,030/050,037/050,025/050,030/050,075/100,056/100,060/100,--,--,--,--,--,--,--,--,--,75,56,60,4,4,4,A+,B+,A,9,7,8,36,28,32,038/050,031/050,030/050,037/050,025/050,030/050,075/100,056/100,060/100,--,--,--,--,--,--,--,--,--,75,56,60,4,4,4,A+,B+,A,9,7,8,36,28,32
150,023/050,023/050,013/050,021/050,029/050,028/050,044/100,052/100,041/100,--,--,--,--,--,--,--,--,--,44,52,41,4,4,4,P,B,P,4,6,4,16,24,16,023/050,023/050,013/050,021/050,029/050,028/050,044/100,052/100,041/100,--,--,--,--,--,--,--,--,--,44,52,41,4,4,4,P,B,P,4,6,4,16,24,16,023/050,023/050,013/050,021/050,029/050,028/050,044/100,052/100,041/100,--,--,--,--,--,--,--,--,--,44,52,41,4,4,4,P,B,P,4,6,4,16,24,16
151,024/050,033/050,030/050,027/050,035/050,031/050,051/100,068/100,061/100,--,--,--,--,--,--,--,--,--,51,68,61,4,4,4,B,A,A,6,8,8,24,32,32,024/050,033/050,030/050,027/050,035/050,031/050,051/100,068/100,061/100,--,--,--,--,--,--,--,--,--,51,68,61,4,4,4,B,A,A,6,8,8,24,32,32,024/050,033/050,030/050,027/050,035/050,031/050,051/100,068/100,061/100,--,--,--,--,--,--,--,--,--,51,68,61,4,4,4,B,A,A,6,8,8,24,32,32
152,023/050,024/050,026/050,034/050,027/050,020/050,057/100,051/100,046/100,--,--,--,--,--,--,--,--,--,57,51,46,4,4,4,B+,B,C,7,6,5,28,24,20,023/050,024/050,026/050,034/050,027/050,020/050,057/100,051/100,046/100,--,--,--,--,--,--,--,--,--,57,51,46,4,4,4,B+,B,C,7,6,5,28,24,20,023/050,024/050,026/050,034/050,027/050,020/050,057/100,051/100,046/100,--,--,--,--,--,--,--,--,--,57,51,46,4,4,4,B+,B,C,7,6,5,28,24,20
153,032/050,022/050,030/050,030/050,020/050,022/050,062/100,042/100,052/100,--,--,--,--,--,--,--,--,--,62,42,52,4,4,4,A,P,B,8,4,6,32,16,24,032/050,022/050,030/050,030/050,020/050,022/050,062/100,042/100,052/100,--,--,--,--,--,--,--,--,--,62,42,52,4,4,4,A,P,B,8,4,6,32,16,24,032/050,022/050,030/050,030/050,020/050,022/050,062/100,042/100,052/100,--,--,--,--,--,--,--,--,--,62,42,52,4,4,4,A,P,B,8,4,6,32,16,24
154,025/050,020/050,025/050,036/050,021/050,024/050,061/100,041/100,049/100,--,--,--,--,--,--,--,--,--,61,41,49,4,4,4,A,P,C,8,4,5,32,16,20,025/050,020/050,025/050,036/050,021/050,024/050,061/100,041/100,049/100,--,--,--,--,--,--,--,--,--,61,41,49,4,4,4,A,P,C,8,4,5,32,16,20,025/050,020/050,025/050,036/050,021/050,024/050,061/100,041/100,049/100,--,--,--,--,--,--,--,--,--,61,41,49,4,4,4,A,P,C,8,4,5,32,16,20
155,021/050,023/050,023/050,009/050,006/050,021/050,030/100,029/100,044/100,--,--,--,--,--,--,--,--,--,FF,FF,44,4,4,4,F,F,P,0,0,4,0,0,16,021/050,023/050,023/050,009/050,006/050,021/050,030/100,029/100,044/100,--,--,--,--,--,--,--,--,--,FF,FF,44,4,4,4,F,F,P,0,0,4,0,0,16,021/050,023/050,023/050,009/050,006/050,021/050,030/100,029/100,044/100,--,--,--,--,--,--,--,--,--,FF,FF,44,4,4,4,F,F,P,0,0,4,0,0,16
156,028/050,042/050,026/050,024/050,020/050,029/050,052/100,062/100,055/100,--,--,--,--,--,--,--,--,--,52,62,55,4,4,4,B,A,B+,6,8,7,24,32,28,028/050,042/050,026/050,024/050,020/050,029/050,052/100,062/100,055/100,--,--,--,--,--,--,--,--,--,52,62,55,4,4,4,B,A,B+,6,8,7,24,32,28,028/050,042/050,026/050,024/050,020/050,029/050,052/100,062/100,055/100,--,--,--,--,--,--,--,--,--,52,62,55,4,4,4,B,A,B+,6,8,7,24,32,28
157,033/050,026/050,023/050,028/050,020/050,021/050,061/100,046/100,044/100,--,--,--,--,--,--,--,--,--,61,46,44,4,4,4,A,C,P,8,5,4,32,20,16,033/050,026/050,023/050,028/050,020/050,021/050,061/100,046/100,044/100,--,--,--,--,--,--,--,--,--,61,46,44,4,4,4,A,C,P,8,5,4,32,20,16,033/050,026/050,023/050,028/050,020/050,021/050,061/100,046/100,044/100,--,--,--,--,--,--,--,--,--,61,46,44,4,4,4,A,C,P,8,5,4,32,20,16
158,036/050,037/050,034/050,031/050,030/050,020/050,067/100,067/100,054/100,--,--,--,--,--,--,--,--,--,67,67,54,4,4,4,A,A,B,8,8,6,32,32,24,036/050,037/050,034/050,031/050,030/050,020/050,067/100,067/100,054/100,--,--,--,--,--,--,--,--,--,67,67,54,4,4,4,A,A,B,8,8,6,32,32,24,036/050,037/050,034/050,031/050,030/050,020/050,067/100,067/100,054/100,--,--,--,--,--,--,--,--,--,67,67,54,4,4,4,A,A,B,8,8,6,32,32,24
159,041/050,037/050,031/050,034/050,031/050,024/050,075/100,068/100,055/100,--,--,--,--,--,--,--,--,--,75,68,55,4,4,4,A+,A,B+,9,8,7,36,32,28,041/050,037/050,031/050,034/050,031/050,024/050,075/100,068/100,055/100,--,--,--,--,--,--,--,--,--,75,68,55,4,4,4,A+,A,B+,9,8,7,36,32,28,041/050,037/050,031/050,034/050,031/050,024/050,075/100,068/100,055/100,--,--,--,--,--,--,--,--,--,75,68,55,4,4,4,A+,A,B+,9,8,7,36,32,28
160,034/050,031/050,031/050,032/050,020/050,021/050,066/100,051/100,052/100,--,--,--,--,--,--,--,--,--,66,51,52,4,4,4,A,B,B,8,6,6,32,24,24,034/050,031/050,031/050,032/050,020/050,021/050,066/100,051/100,052/100,--,--,--,--,--,--,--,--,--,66,51,52,4,4,4,A,B,B,8,6,6,32,24,24,034/050,031/050,031/050,032/050,020/050,021/050,066/100,051/100,052/100,--,--,--,--,--,--,--,--,--,66,51,52,4,4,4,A,B,B,8,6,6,32,24,24
161,034/050,033/050,030/050,022/050,20$/050,023/050,056/100,053/100,053/100,--,--,--,--,--,--,--,--,--,56,53,53,4,4,4,B+,B,B,7,6,6,28,24,24,034/050,033/050,030/050,022/050,20$/050,023/050,056/100,053/100,053/100,--,--,--,--,--,--,--,--,--,56,53,53,4,4,4,B+,B,B,7,6,6,28,24,24,034/050,033/050,030/050,022/050,20$/050,023/050,056/100,053/100,053/100,--,--,--,--,--,--,--,--,--,56,53,53,4,4,4,B+,B,B,7,6,6,28,24,24
162,033/050,026/050,039/050,020/050,022/050,024/050,053/100,048/100,063/100,--,--,--,--,--,--,--,--,--,53,48,63,4,4,4,B,C,A,6,5,8,24,20,32,033/050,026/050,039/050,020/050,022/050,024/050,053/100,048/100,063/100,--,--,--,--,--,--,--,--,--,53,48,63,4,4,4,B,C,A,6,5,8,24,20,32,033/050,026/050,039/050,020/050,022/050,024/050,053/100,048/100,063/100,--,--,--,--,--,--,--,--,--,53,48,63,4,4,4,B,C,A,6,5,8,24,20,32
163,035/050,026/050,036/050,035/050,20$/050,026/050,070/100,046/100,062/100,--,--,--,--,--,--,--,--,--,70,46,62,4,4,4,A+,C,A,9,5,8,36,20,32,035/050,026/050,036/050,035/050,20$/050,026/050,070/100,046/100,062/100,--,--,--,--,--,--,--,--,--,70,46,62,4,4,4,A+,C,A,9,5,8,36,20,32,035/050,026/050,036/050,035/050,20$/050,026/050,070/100,046/100,062/100,--,--,--,--,--,--,--,--,--,70,46,62,4,4,4,A+,C,A,9,5,8,36,20,32
164,028/050,028/050,031/050,025/050,031/050,026/050,053/100,059/100,057/100,--,--,--,--,--,--,--,--,--,53,59,57,4,4,4,B,B+,B+,6,7,7,24,28,28,028/050,028/050,031/050,025/050,031/050,026/050,053/100,059/100,057/100,--,--,--,--,--,--,--,--,--,53,59,57,4,4,4,B,B+,B+,6,7,7,24,28,28,028/050,028/050,031/050,025/050,031/050,026/050,053/100,059/100,057/100,--,--,--,--,--,--,--,--,--,53,59,57,4,4,4,B,B+,B+,6,7,7,24,28,28
165,026/050,020/050,023/050,20$/050,020/050,030/050,046/100,040/100,053/100,--,--,--,--,--,--,--,--,--,46,40,53,4,4,4,C,P,B,5,4,6,20,16,24,026/050,020/050,023/050,20$/050,020/050,030/050,046/100,040/100,053/100,--,--,--,--,--,--,--,--,--,46,40,53,4,4,4,C,P,B,5,4,6,20,16,24,026/050,020/050,023/050,20$/050,020/050,030/050,046/100,040/100,053/100,--,--,--,--,--,--,--,--,--,46,40,53,4,4,4,C,P,B,5,4,6,20,16,24
166,016/050,027/050,034/050,24$/050,023/050,020/050,040/100,050/100,054/100,--,--,--,--,--,--,--,--,--,40,50,54,4,4,4,P,B,B,4,6,6,16,24,24,016/050,027/050,034/050,24$/050,023/050,020/050,040/100,050/100,054/100,--,--,--,--,--,--,--,--,--,40,50,54,4,4,4,P,B,B,4,6,6,16,24,24,016/050,027/050,034/050,24$/050,023/050,020/050,040/100,050/100,054/100,--,--,--,--,--,--,--,--,--,40,50,54,4,4,4,P,B,B,4,6,6,16,24,24
167,039/050,033/050,035/050,035/050,026/050,032/050,074/100,059/100,067/100,--,--,--,--,--,--,--,--,--,74,59,67,4,4,4,A+,B+,A,9,7,8,36,28,32,039/050,033/050,035/050,035/050,026/050,032/050,074/100,059/100,067/100,--,--,--,--,--,--,--,--,--,74,59,67,4,4,4,A+,B+,A,9,7,8,36,28,32,039/050,033/050,035/050,035/050,026/050,032/050,074/100,059/100,067/100,--,--,--,--,--,--,--,--,--,74,59,67,4,4,4,A+,B+,A,9,7,8,36,28,32
168,026/050,032/050,020/050,030/050,024/050,021/050,056/100,056/100,041/100,--,--,--,--,--,--,--,--,--,56,56,41,4,4,4,B+,B+,P,7,7,4,28,28,16,026/050,032/050,020/050,030/050,024/050,021/050,056/100,056/100,041/100,--,--,--,--,--,--,--,--,--,56,56,41,4,4,4,B+,B+,P,7,7,4,28,28,16,026/050,032/050,020/050,030/050,024/050,021/050,056/100,056/100,041/100,--,--,--,--,--,--,--,--,--,56,56,41,4,4,4,B+,B+,P,7,7,4,28,28,16
169,031/050,035/050,028/050,040/050,030/050,034/050,071/100,065/100,062/100,--,--,--,--,--,--,--,--,--,71,65,62,4,4,4,A+,A,A,9,8,8,36,32,32,031/050,035/050,028/050,040/050,030/050,034/050,071/100,065/100,062/100,--,--,--,--,--,--,--,--,--,71,65,62,4,4,4,A+,A,A,9,8,8,36,32,32,031/050,035/050,028/050,040/050,030/050,034/050,071/100,065/100,062/100,--,--,--,--,--,--,--,--,--,71,65,62,4,4,4,A+,A,A,9,8,8,36,32,32
170,025/050,015/050,024/050,024/050,025/050,021/050,049/100,040/100,045/100,--,--,--,--,--,--,--,--,--,49,40,45,4,4,4,C,P,C,5,4,5,20,16,20,025/050,015/050,024/050,024/050,025/050,021/050,049/100,040/100,045/100,--,--,--,--,--,--,--,--,--,49,40,45,4,4,4,C,P,C,5,4,5,20,16,20,025/050,015/050,024/050,024/050,025/050,021/050,049/100,040/100,045/100,--,--,--,--,--,--,--,--,--,49,40,45,4,4,4,C,P,C,5,4,5,20,16,20
171,030/050,016/050,022/050,20$/050,029/050,009/050,050/100,045/100,031/100,--,--,--,--,--,--,--,--,--,50,45,FF,4,4,4,B,C,F,6,5,0,24,20,0,030/050,016/050,022/050,20$/050,029/050,009/050,050/100,045/100,031/100,--,--,--,--,--,--,--,--,--,50,45,FF,4,4,4,B,C,F,6,5,0,24,20,0,030/050,016/050,022/050,20$/050,029/050,009/050,050/100,045/100,031/100,--,--,--,--,--,--,--,--,--,50,45,FF,4,4,4,B,C,F,6,5,0,24,20,0
172,032/050,032/050,038/050,028/050,026/050,028/050,060/100,058/100,066/100,--,--,--,--,--,--,--,--,--,60,58,66,4,4,4,A,B+,A,8,7,8,32,28,32,032/050,032/050,038/050,028/050,026/050,028/050,060/100,058/100,066/100,--,--,--,--,--,--,--,--,--,60,58,66,4,4,4,A,B+,A,8,7,8,32,28,32,032/050,032/050,038/050,028/050,026/050,028/050,060/100,058/100,066/100,--,--,--,--,--,--,--,--,--,60,58,66,4,4,4,A,B+,A,8,7,8,32,28,32
173,031/050,032/050,039/050,035/050,029/050,033/050,066/100,061/100,072/100,--,--,--,--,--,--,--,--,--,66,61,72,4,4,4,A,A,A+,8,8,9,32,32,36,031/050,032/050,039/050,035/050,029/050,033/050,066/100,061/100,072/100,--,--,--,--,--,--,--,--,--,66,61,72,4,4,4,A,A,A+,8,8,9,32,32,36,031/050,032/050,039/050,035/050,029/050,033/050,066/100,061/100,072/100,--,--,--,--,--,--,--,--,--,66,61,72,4,4,4,A,A,A+,8,8,9,32,32,36
174,036/050,034/050,035/050,047/050,031/050,033/050,083/100,065/100,068/100,--,--,--,--,--,--,--,--,--,83,65,68,4,4,4,O,A,A,10,8,8,40,32,32,036/050,034/050,035/050,047/050,031/050,033/050,083/100,065/100,068/100,--,--,--,--,--,--,--,--,--,83,65,68,4,4,4,O,A,A,10,8,8,40,32,32,036/050,034/050,035/050,047/050,031/050,033/050,083/100,065/100,068/100,--,--,--,--,--,--,--,--,--,83,65,68,4,4,4,O,A,A,10,8,8,40,32,32
175,022/050,030/050,028/050,022/050,024/050,021/050,044/100,054/100,049/100,--,--,--,--,--,--,--,--,--,44,54,49,4,4,4,P,B,C,4,6,5,16,24,20,022/050,030/050,028/050,022/050,024/050,021/050,044/100,054/100,049/100,--,--,--,--,--,--,--,--,--,44,54,49,4,4,4,P,B,C,4,6,5,16,24,20,022/050,030/050,028/050,022/050,024/050,021/050,044/100,054/100,049/100,--,--,--,--,--,--,--,--,--,44,54,49,4,4,4,P,B,C,4,6,5,16,24,20
176,033/050,020/050,033/050,024/050,022/050,022/050,057/100,042/100,055/100,--,--,--,--,--,--,--,--,--,57,42,55,4,4,4,B+,P,B+,7,4,7,28,16,28,033/050,020/050,033/050,024/050,022/050,022/050,057/100,042/100,055/100,--,--,--,--,--,--,--,--,--,57,42,55,4,4,4,B+,P,B+,7,4,7,28,16,28,033/050,020/050,033/050,024/050,022/050,022/050,057/100,042/100,055/100,--,--,--,--,--,--,--,--,--,57,42,55,4,4,4,B+,P,B+,7,4,7,28,16,28
177,027/050,034/050,027/050,020/050,024/050,031/050,047/100,058/100,058/100,--,--,--,--,--,--,--,--,--,47,58,58,4,4,4,C,B+,B+,5,7,7,20,28,28,027/050,034/050,027/050,020/050,024/050,031/050,047/100,058/100,058/100,--,--,--,--,--,--,--,--,--,47,58,58,4,4,4,C,B+,B+,5,7,7,20,28,28,027/050,034/050,027/050,020/050,024/050,031/050,047/100,058/100,058/100,--,--,--,--,--,--,--,--,--,47,58,58,4,4,4,C,B+,B+,5,7,7,20,28,28
178,031/050,035/050,025/050,035/050,025/050,031/050,066/100,060/100,056/100,--,--,--,--,--,--,--,--,--,66,60,56,4,4,4,A,A,B+,8,8,7,32,32,28,031/050,035/050,025/050,035/050,025/050,031/050,066/100,060/100,056/100,--,--,--,--,--,--,--,--,--,66,60,56,4,4,4,A,A,B+,8,8,7,32,32,28,031/050,035/050,025/050,035/050,025/050,031/050,066/100,060/100,056/100,--,--,--,--,--,--,--,--,--,66,60,56,4,4,4,A,A,B+,8,8,7,32,32,28
179,027/050,037/050,029/050,021/050,020/050,022/050,048/100,057/100,051/100,--,--,--,--,--,--,--,--,--,48,57,51,4,4,4,C,B+,B,5,7,6,20,28,24,027/050,037/050,029/050,021/050,020/050,022/050,048/100,057/100,051/100,--,--,--,--,--,--,--,--,--,48,57,51,4,4,4,C,B+,B,5,7,6,20,28,24,027/050,037/050,029/050,021/050,020/050,022/050,048/100,057/100,051/100,--,--,--,--,--,--,--,--,--,48,57,51,4,4,4,C,B+,B,5,7,6,20,28,24
180,026/050,030/050,035/050,023/050,020/050,025/050,049/100,050/100,060/100,--,--,--,--,--,--,--,--,--,49,50,60,4,4,4,C,B,A,5,6,8,20,24,32,026/050,030/050,035/050,023/050,020/050,025/050,049/100,050/100,060/100,--,--,--,--,--,--,--,--,--,49,50,60,4,4,4,C,B,A,5,6,8,20,24,32,026/050,030/050,035/050,023/050,020/050,025/050,049/100,050/100,060/100,--,--,--,--,--,--,--,--,--,49,50,60,4,4,4,C,B,A,5,6,8,20,24,32
181,021/050,019/050,017/050,021/050,21$/050,012/050,042/100,040/100,029/100,--,--,--,--,--,--,--,--,--,42,40,FF,4,4,4,P,P,F,4,4,0,16,16,0,021/050,019/050,017/050,021/050,21$/050,012/050,042/100,040/100,029/100,--,--,--,--,--,--,--,--,--,42,40,FF,4,4,4,P,P,F,4,4,0,16,16,0,021/050,019/050,017/050,021/050,21$/050,012/050,042/100,040/100,029/100,--,--,--,--,--,--,--,--,--,42,40,FF,4,4,4,P,P,F,4,4,0,16,16,0
182,039/050,031/050,035/050,023/050,024/050,028/050,062/100,055/100,063/100,--,--,--,--,--,--,--,--,--,62,55,63,4,4,4,A,B+,A,8,7,8,32,28,32,039/050,031/050,035/050,023/050,024/050,028/050,062/100,055/100,063/100,--,--,--,--,--,--,--,--,--,62,55,63,4,4,4,A,B+,A,8,7,8,32,28,32,039/050,031/050,035/050,023/050,024/050,028/050,062/100,055/100,063/100,--,--,--,--,--,--,--,--,--,62,55,63,4,4,4,A,B+,A,8,7,8,32,28,32
183,021/050,030/050,026/050,022/050,024/050,021/050,043/100,054/100,047/100,--,--,--,--,--,--,--,--,--,43,54,47,4,4,4,P,B,C,4,6,5,16,24,20,021/050,030/050,026/050,022/050,024/050,021/050,043/100,054/100,047/100,--,--,--,--,--,--,--,--,--,43,54,47,4,4,4,P,B,C,4,6,5,16,24,20,021/050,030/050,026/050,022/050,024/050,021/050,043/100,054/100,047/100,--,--,--,--,--,--,--,--,--,43,54,47,4,4,4,P,B,C,4,6,5,16,24,20
184,017/050,016/050,022/050,005/050,002/050,021/050,022/100,018/100,043/100,--,--,--,--,--,--,--,--,--,FF,FF,43,4,4,4,F,F,P,0,0,4,0,0,16,017/050,016/050,022/050,005/050,002/050,021/050,022/100,018/100,043/100,--,--,--,--,--,--,--,--,--,FF,FF,43,4,4,4,F,F,P,0,0,4,0,0,16,017/050,016/050,022/050,005/050,002/050,021/050,022/100,018/100,043/100,--,--,--,--,--,--,--,--,--,FF,FF,43,4,4,4,F,F,P,0,0,4,0,0,16
185,023/050,023/050,025/050,020/050,012/050,014/050,043/100,035/100,039/100,--,--,--,--,--,--,--,--,--,43,FF,FF,4,4,4,P,F,F,4,0,0,16,0,0,023/050,023/050,025/050,020/050,012/050,014/050,043/100,035/100,039/100,--,--,--,--,--,--,--,--,--,43,FF,FF,4,4,4,P,F,F,4,0,0,16,0,0,023/050,023/050,025/050,020/050,012/050,014/050,043/100,035/100,039/100,--,--,--,--,--,--,--,--,--,43,FF,FF,4,4,4,P,F,F,4,0,0,16,0,0
186,037/050,026/050,034/050,025/050,028/050,025/050,062/100,054/100,059/100,--,--,--,--,--,--,--,--,--,62,54,59,4,4,4,A,B,B+,8,6,7,32,24,28,037/050,026/050,034/050,025/050,028/050,025/050,062/100,054/100,059/100,--,--,--,--,--,--,--,--,--,62,54,59,4,4,4,A,B,B+,8,6,7,32,24,28,037/050,026/050,034/050,025/050,028/050,025/050,062/100,054/100,059/100,--,--,--,--,--,--,--,--,--,62,54,59,4,4,4,A,B,B+,8,6,7,32,24,28
187,022/050,027/050,027/050,027/050,021/050,020/050,049/100,048/100,047/100,--,--,--,--,--,--,--,--,--,49,48,47,4,4,4,C,C,C,5,5,5,20,20,20,022/050,027/050,027/050,027/050,021/050,020/050,049/100,048/100,047/100,--,--,--,--,--,--,--,--,--,49,48,47,4,4,4,C,C,C,5,5,5,20,20,20,022/050,027/050,027/050,027/050,021/050,020/050,049/100,048/100,047/100,--,--,--,--,--,--,--,--,--,49,48,47,4,4,4,C,C,C,5,5,5,20,20,20
188,022/050,022/050,023/050,021/050,022/050,022/050,043/100,044/100,045/100,--,--,--,--,--,--,--,--,--,43,44,45,4,4,4,P,P,C,4,4,5,16,16,20,022/050,022/050,023/050,021/050,022/050,022/050,043/100,044/100,045/100,--,--,--,--,--,--,--,--,--,43,44,45,4,4,4,P,P,C,4,4,5,16,16,20,022/050,022/050,023/050,021/050,022/050,022/050,043/100,044/100,045/100,--,--,--,--,--,--,--,--,--,43,44,45,4,4,4,P,P,C,4,4,5,16,16,20
189,035/050,034/050,033/050,023/050,028/050,034/050,058/100,062/100,067/100,--,--,--,--,--,--,--,--,--,58,62,67,4,4,4,B+,A,A,7,8,8,28,32,32,035/050,034/050,033/050,023/050,028/050,034/050,058/100,062/100,067/100,--,--,--,--,--,--,--,--,--,58,62,67,4,4,4,B+,A,A,7,8,8,28,32,32,035/050,034/050,033/050,023/050,028/050,034/050,058/100,062/100,067/100,--,--,--,--,--,--,--,--,--,58,62,67,4,4,4,B+,A,A,7,8,8,28,32,32
190,035/050,033/050,026/050,013/050,021/050,025/050,048/100,054/100,051/100,--,--,--,--,--,--,--,--,--,FF,54,51,4,4,4,F,B,B,0,6,6,0,24,24,035/050,033/050,026/050,013/050,021/050,025/050,048/100,054/100,051/100,--,--,--,--,--,--,--,--,--,FF,54,51,4,4,4,F,B,B,0,6,6,0,24,24,035/050,033/050,026/050,013/050,021/050,025/050,048/100,054/100,051/100,--,--,--,--,--,--,--,--,--,FF,54,51,4,4,4,F,B,B,0,6,6,0,24,24
191,029/050,023/050,029/050,021/050,020/050,033/050,050/100,043/100,062/100,--,--,--,--,--,--,--,--,--,50,43,62,4,4,4,B,P,A,6,4,8,24,16,32,029/050,023/050,029/050,021/050,020/050,033/050,050/100,043/100,062/100,--,--,--,--,--,--,--,--,--,50,43,62,4,4,4,B,P,A,6,4,8,24,16,32,029/050,023/050,029/050,021/050,020/050,033/050,050/100,043/100,062/100,--,--,--,--,--,--,--,--,--,50,43,62,4,4,4,B,P,A,6,4,8,24,16,32
192,020/050,026/050,021/050,033/050,028/050,029/050,053/100,054/100,050/100,--,--,--,--,--,--,--,--,--,53,54,50,4,4,4,B,B,B,6,6,6,24,24,24,020/050,026/050,021/050,033/050,028/050,029/050,053/100,054/100,050/100,--,--,--,--,--,--,--,--,--,53,54,50,4,4,4,B,B,B,6,6,6,24,24,24,020/050,026/050,021/050,033/050,028/050,029/050,053/100,054/100,050/100,--,--,--,--,--,--,--,--,--,53,54,50,4,4,4,B,B,B,6,6,6,24,24,24
193,035/050,022/050,030/050,025/050,020/050,20$/050,060/100,042/100,050/100,--,--,--,--,--,--,--,--,--,60,42,50,4,4,4,A,P,B,8,4,6,32,16,24,035/050,022/050,030/050,025/050,020/050,20$/050,060/100,042/100,050/100,--,--,--,--,--,--,--,--,--,60,42,50,4,4,4,A,P,B,8,4,6,32,16,24,035/050,022/050,030/050,025/050,020/050,20$/050,060/100,042/100,050/100,--,--,--,--,--,--,--,--,--,60,42,50,4,4,4,A,P,B,8,4,6,32,16,24
